ISO-10303-21;
HEADER;
FILE_DESCRIPTION((''),'2;1');
FILE_NAME('DCA0056A_ASM','2022-04-07T09:45:12',('a0412086'),(''),
'CREO PARAMETRIC BY PTC INC, 2018500','CREO PARAMETRIC BY PTC INC, 2018500','');
FILE_SCHEMA(('CONFIG_CONTROL_DESIGN','SHAPE_APPEARANCE_LAYERS_GROUPS'));
ENDSEC;
DATA;
#29=DIRECTION('',(0.E0,0.E0,-1.E0));
#30=VECTOR('',#29,1.366799794402E1);
#31=CARTESIAN_POINT('',(-2.883998972012E0,-5.5E-1,6.833998972012E0));
#32=LINE('',#31,#30);
#33=DRAUGHTING_PRE_DEFINED_CURVE_FONT('continuous');
#34=CURVE_STYLE('',#33,POSITIVE_LENGTH_MEASURE(2.E-2),#3);
#35=PRESENTATION_STYLE_ASSIGNMENT((#34));
#36=STYLED_ITEM('',(#35),#32);
#37=DIRECTION('',(-1.E0,0.E0,0.E0));
#38=VECTOR('',#37,5.767997944025E0);
#39=CARTESIAN_POINT('',(2.883998972012E0,-5.5E-1,6.833998972012E0));
#40=LINE('',#39,#38);
#41=CURVE_STYLE('',#33,POSITIVE_LENGTH_MEASURE(2.E-2),#3);
#42=PRESENTATION_STYLE_ASSIGNMENT((#41));
#43=STYLED_ITEM('',(#42),#40);
#44=DIRECTION('',(0.E0,0.E0,1.E0));
#45=VECTOR('',#44,1.366799794402E1);
#46=CARTESIAN_POINT('',(2.883998972012E0,-5.5E-1,-6.833998972012E0));
#47=LINE('',#46,#45);
#48=CURVE_STYLE('',#33,POSITIVE_LENGTH_MEASURE(2.E-2),#3);
#49=PRESENTATION_STYLE_ASSIGNMENT((#48));
#50=STYLED_ITEM('',(#49),#47);
#51=DIRECTION('',(1.E0,0.E0,0.E0));
#52=VECTOR('',#51,5.767997944025E0);
#53=CARTESIAN_POINT('',(-2.883998972012E0,-5.5E-1,-6.833998972012E0));
#54=LINE('',#53,#52);
#55=CURVE_STYLE('',#33,POSITIVE_LENGTH_MEASURE(2.E-2),#3);
#56=PRESENTATION_STYLE_ASSIGNMENT((#55));
#57=STYLED_ITEM('',(#56),#54);
#58=DIRECTION('',(0.E0,0.E0,1.E0));
#59=VECTOR('',#58,5.825E0);
#60=CARTESIAN_POINT('',(-1.6175E0,-5.5E-1,-2.9125E0));
#61=LINE('',#60,#59);
#62=CURVE_STYLE('',#33,POSITIVE_LENGTH_MEASURE(2.E-2),#3);
#63=PRESENTATION_STYLE_ASSIGNMENT((#62));
#64=STYLED_ITEM('',(#63),#61);
#65=DIRECTION('',(-1.E0,0.E0,0.E0));
#66=VECTOR('',#65,1.2175E0);
#67=CARTESIAN_POINT('',(-4.E-1,-5.5E-1,-2.9125E0));
#68=LINE('',#67,#66);
#69=CURVE_STYLE('',#33,POSITIVE_LENGTH_MEASURE(2.E-2),#3);
#70=PRESENTATION_STYLE_ASSIGNMENT((#69));
#71=STYLED_ITEM('',(#70),#68);
#72=DIRECTION('',(0.E0,0.E0,1.E0));
#73=VECTOR('',#72,1.5E-1);
#74=CARTESIAN_POINT('',(-4.E-1,-5.5E-1,-3.0625E0));
#75=LINE('',#74,#73);
#76=CURVE_STYLE('',#33,POSITIVE_LENGTH_MEASURE(2.E-2),#3);
#77=PRESENTATION_STYLE_ASSIGNMENT((#76));
#78=STYLED_ITEM('',(#77),#75);
#79=DIRECTION('',(-1.E0,0.E0,0.E0));
#80=VECTOR('',#79,1.E-1);
#81=CARTESIAN_POINT('',(-3.E-1,-5.5E-1,-3.0625E0));
#82=LINE('',#81,#80);
#83=CURVE_STYLE('',#33,POSITIVE_LENGTH_MEASURE(2.E-2),#3);
#84=PRESENTATION_STYLE_ASSIGNMENT((#83));
#85=STYLED_ITEM('',(#84),#82);
#86=DIRECTION('',(0.E0,0.E0,1.E0));
#87=VECTOR('',#86,2.25E-1);
#88=CARTESIAN_POINT('',(-3.E-1,-5.5E-1,-3.2875E0));
#89=LINE('',#88,#87);
#90=CURVE_STYLE('',#33,POSITIVE_LENGTH_MEASURE(2.E-2),#3);
#91=PRESENTATION_STYLE_ASSIGNMENT((#90));
#92=STYLED_ITEM('',(#91),#89);
#93=DIRECTION('',(-1.E0,0.E0,0.E0));
#94=VECTOR('',#93,6.E-1);
#95=CARTESIAN_POINT('',(3.E-1,-5.5E-1,-3.2875E0));
#96=LINE('',#95,#94);
#97=CURVE_STYLE('',#33,POSITIVE_LENGTH_MEASURE(2.E-2),#3);
#98=PRESENTATION_STYLE_ASSIGNMENT((#97));
#99=STYLED_ITEM('',(#98),#96);
#100=DIRECTION('',(0.E0,0.E0,-1.E0));
#101=VECTOR('',#100,2.25E-1);
#102=CARTESIAN_POINT('',(3.E-1,-5.5E-1,-3.0625E0));
#103=LINE('',#102,#101);
#104=CURVE_STYLE('',#33,POSITIVE_LENGTH_MEASURE(2.E-2),#3);
#105=PRESENTATION_STYLE_ASSIGNMENT((#104));
#106=STYLED_ITEM('',(#105),#103);
#107=DIRECTION('',(-1.E0,0.E0,0.E0));
#108=VECTOR('',#107,1.E-1);
#109=CARTESIAN_POINT('',(4.E-1,-5.5E-1,-3.0625E0));
#110=LINE('',#109,#108);
#111=CURVE_STYLE('',#33,POSITIVE_LENGTH_MEASURE(2.E-2),#3);
#112=PRESENTATION_STYLE_ASSIGNMENT((#111));
#113=STYLED_ITEM('',(#112),#110);
#114=DIRECTION('',(0.E0,0.E0,-1.E0));
#115=VECTOR('',#114,1.5E-1);
#116=CARTESIAN_POINT('',(4.E-1,-5.5E-1,-2.9125E0));
#117=LINE('',#116,#115);
#118=CURVE_STYLE('',#33,POSITIVE_LENGTH_MEASURE(2.E-2),#3);
#119=PRESENTATION_STYLE_ASSIGNMENT((#118));
#120=STYLED_ITEM('',(#119),#117);
#121=DIRECTION('',(-1.E0,0.E0,0.E0));
#122=VECTOR('',#121,1.2175E0);
#123=CARTESIAN_POINT('',(1.6175E0,-5.5E-1,-2.9125E0));
#124=LINE('',#123,#122);
#125=CURVE_STYLE('',#33,POSITIVE_LENGTH_MEASURE(2.E-2),#3);
#126=PRESENTATION_STYLE_ASSIGNMENT((#125));
#127=STYLED_ITEM('',(#126),#124);
#128=DIRECTION('',(0.E0,0.E0,-1.E0));
#129=VECTOR('',#128,5.825E0);
#130=CARTESIAN_POINT('',(1.6175E0,-5.5E-1,2.9125E0));
#131=LINE('',#130,#129);
#132=CURVE_STYLE('',#33,POSITIVE_LENGTH_MEASURE(2.E-2),#3);
#133=PRESENTATION_STYLE_ASSIGNMENT((#132));
#134=STYLED_ITEM('',(#133),#131);
#135=DIRECTION('',(1.E0,0.E0,0.E0));
#136=VECTOR('',#135,1.2175E0);
#137=CARTESIAN_POINT('',(4.E-1,-5.5E-1,2.9125E0));
#138=LINE('',#137,#136);
#139=CURVE_STYLE('',#33,POSITIVE_LENGTH_MEASURE(2.E-2),#3);
#140=PRESENTATION_STYLE_ASSIGNMENT((#139));
#141=STYLED_ITEM('',(#140),#138);
#142=DIRECTION('',(0.E0,0.E0,-1.E0));
#143=VECTOR('',#142,1.5E-1);
#144=CARTESIAN_POINT('',(4.E-1,-5.5E-1,3.0625E0));
#145=LINE('',#144,#143);
#146=CURVE_STYLE('',#33,POSITIVE_LENGTH_MEASURE(2.E-2),#3);
#147=PRESENTATION_STYLE_ASSIGNMENT((#146));
#148=STYLED_ITEM('',(#147),#145);
#149=DIRECTION('',(1.E0,0.E0,0.E0));
#150=VECTOR('',#149,1.E-1);
#151=CARTESIAN_POINT('',(3.E-1,-5.5E-1,3.0625E0));
#152=LINE('',#151,#150);
#153=CURVE_STYLE('',#33,POSITIVE_LENGTH_MEASURE(2.E-2),#3);
#154=PRESENTATION_STYLE_ASSIGNMENT((#153));
#155=STYLED_ITEM('',(#154),#152);
#156=DIRECTION('',(0.E0,0.E0,1.E0));
#157=VECTOR('',#156,2.25E-1);
#158=CARTESIAN_POINT('',(3.E-1,-5.5E-1,3.0625E0));
#159=LINE('',#158,#157);
#160=CURVE_STYLE('',#33,POSITIVE_LENGTH_MEASURE(2.E-2),#3);
#161=PRESENTATION_STYLE_ASSIGNMENT((#160));
#162=STYLED_ITEM('',(#161),#159);
#163=DIRECTION('',(-1.E0,0.E0,0.E0));
#164=VECTOR('',#163,6.E-1);
#165=CARTESIAN_POINT('',(3.E-1,-5.5E-1,3.2875E0));
#166=LINE('',#165,#164);
#167=CURVE_STYLE('',#33,POSITIVE_LENGTH_MEASURE(2.E-2),#3);
#168=PRESENTATION_STYLE_ASSIGNMENT((#167));
#169=STYLED_ITEM('',(#168),#166);
#170=DIRECTION('',(0.E0,0.E0,-1.E0));
#171=VECTOR('',#170,2.25E-1);
#172=CARTESIAN_POINT('',(-3.E-1,-5.5E-1,3.2875E0));
#173=LINE('',#172,#171);
#174=CURVE_STYLE('',#33,POSITIVE_LENGTH_MEASURE(2.E-2),#3);
#175=PRESENTATION_STYLE_ASSIGNMENT((#174));
#176=STYLED_ITEM('',(#175),#173);
#177=DIRECTION('',(1.E0,0.E0,0.E0));
#178=VECTOR('',#177,1.E-1);
#179=CARTESIAN_POINT('',(-4.E-1,-5.5E-1,3.0625E0));
#180=LINE('',#179,#178);
#181=CURVE_STYLE('',#33,POSITIVE_LENGTH_MEASURE(2.E-2),#3);
#182=PRESENTATION_STYLE_ASSIGNMENT((#181));
#183=STYLED_ITEM('',(#182),#180);
#184=DIRECTION('',(0.E0,0.E0,1.E0));
#185=VECTOR('',#184,1.5E-1);
#186=CARTESIAN_POINT('',(-4.E-1,-5.5E-1,2.9125E0));
#187=LINE('',#186,#185);
#188=CURVE_STYLE('',#33,POSITIVE_LENGTH_MEASURE(2.E-2),#3);
#189=PRESENTATION_STYLE_ASSIGNMENT((#188));
#190=STYLED_ITEM('',(#189),#187);
#191=DIRECTION('',(1.E0,0.E0,0.E0));
#192=VECTOR('',#191,1.2175E0);
#193=CARTESIAN_POINT('',(-1.6175E0,-5.5E-1,2.9125E0));
#194=LINE('',#193,#192);
#195=CURVE_STYLE('',#33,POSITIVE_LENGTH_MEASURE(2.E-2),#3);
#196=PRESENTATION_STYLE_ASSIGNMENT((#195));
#197=STYLED_ITEM('',(#196),#194);
#198=DIRECTION('',(0.E0,0.E0,-1.E0));
#199=VECTOR('',#198,1.366799794402E1);
#200=CARTESIAN_POINT('',(-2.981813732086E0,-4.707911690818E-1,
6.833998972012E0));
#201=LINE('',#200,#199);
#202=CURVE_STYLE('',#33,POSITIVE_LENGTH_MEASURE(2.E-2),#3);
#203=PRESENTATION_STYLE_ASSIGNMENT((#202));
#204=STYLED_ITEM('',(#203),#201);
#205=DIRECTION('',(2.035585949528E-1,-9.576678948580E-1,2.035585949528E-1));
#206=VECTOR('',#205,3.348563926524E-1);
#207=CARTESIAN_POINT('',(-3.049976628885E0,-1.501099524506E-1,
-6.902161868812E0));
#208=LINE('',#207,#206);
#209=CURVE_STYLE('',#33,POSITIVE_LENGTH_MEASURE(2.E-2),#3);
#210=PRESENTATION_STYLE_ASSIGNMENT((#209));
#211=STYLED_ITEM('',(#210),#208);
#212=CARTESIAN_POINT('',(-3.05E0,-1.5E-1,-6.9E0));
#213=CARTESIAN_POINT('',(-3.05E0,-1.5E-1,-6.900722566200E0));
#214=CARTESIAN_POINT('',(-3.049992169645E0,-1.500368389259E-1,
-6.901443179163E0));
#215=CARTESIAN_POINT('',(-3.049976628885E0,-1.501099524506E-1,
-6.902161868812E0));
#217=CURVE_STYLE('',#33,POSITIVE_LENGTH_MEASURE(2.E-2),#3);
#218=PRESENTATION_STYLE_ASSIGNMENT((#217));
#219=STYLED_ITEM('',(#218),#216);
#220=CARTESIAN_POINT('',(-3.049976628885E0,-1.501099524506E-1,
6.902161868812E0));
#221=CARTESIAN_POINT('',(-3.049992169645E0,-1.500368389259E-1,
6.901443179163E0));
#222=CARTESIAN_POINT('',(-3.05E0,-1.5E-1,6.900722566200E0));
#223=CARTESIAN_POINT('',(-3.05E0,-1.5E-1,6.9E0));
#225=CURVE_STYLE('',#33,POSITIVE_LENGTH_MEASURE(2.E-2),#3);
#226=PRESENTATION_STYLE_ASSIGNMENT((#225));
#227=STYLED_ITEM('',(#226),#224);
#228=DIRECTION('',(2.035585949528E-1,-9.576678948580E-1,-2.035585949528E-1));
#229=VECTOR('',#228,3.348563926524E-1);
#230=CARTESIAN_POINT('',(-3.049976628885E0,-1.501099524506E-1,
6.902161868812E0));
#231=LINE('',#230,#229);
#232=CURVE_STYLE('',#33,POSITIVE_LENGTH_MEASURE(2.E-2),#3);
#233=PRESENTATION_STYLE_ASSIGNMENT((#232));
#234=STYLED_ITEM('',(#233),#231);
#235=DIRECTION('',(-2.035585949528E-1,-9.576678948580E-1,2.035585949528E-1));
#236=VECTOR('',#235,3.348563926524E-1);
#237=CARTESIAN_POINT('',(2.952161868812E0,-1.501099524506E-1,
-6.999976628885E0));
#238=LINE('',#237,#236);
#239=CURVE_STYLE('',#33,POSITIVE_LENGTH_MEASURE(2.E-2),#3);
#240=PRESENTATION_STYLE_ASSIGNMENT((#239));
#241=STYLED_ITEM('',(#240),#238);
#242=CARTESIAN_POINT('',(2.95E0,-1.5E-1,-7.E0));
#243=CARTESIAN_POINT('',(2.950722566200E0,-1.5E-1,-7.E0));
#244=CARTESIAN_POINT('',(2.951443179163E0,-1.500368389259E-1,
-6.999992169645E0));
#245=CARTESIAN_POINT('',(2.952161868812E0,-1.501099524506E-1,
-6.999976628885E0));
#247=CURVE_STYLE('',#33,POSITIVE_LENGTH_MEASURE(2.E-2),#3);
#248=PRESENTATION_STYLE_ASSIGNMENT((#247));
#249=STYLED_ITEM('',(#248),#246);
#250=CARTESIAN_POINT('',(-2.952161868812E0,-1.501099524506E-1,
-6.999976628885E0));
#251=CARTESIAN_POINT('',(-2.951443179163E0,-1.500368389259E-1,
-6.999992169645E0));
#252=CARTESIAN_POINT('',(-2.950722566200E0,-1.5E-1,-7.E0));
#253=CARTESIAN_POINT('',(-2.95E0,-1.5E-1,-7.E0));
#255=CURVE_STYLE('',#33,POSITIVE_LENGTH_MEASURE(2.E-2),#3);
#256=PRESENTATION_STYLE_ASSIGNMENT((#255));
#257=STYLED_ITEM('',(#256),#254);
#258=DIRECTION('',(2.035585949528E-1,-9.576678948580E-1,2.035585949528E-1));
#259=VECTOR('',#258,3.348563926524E-1);
#260=CARTESIAN_POINT('',(-2.952161868812E0,-1.501099524506E-1,
-6.999976628885E0));
#261=LINE('',#260,#259);
#262=CURVE_STYLE('',#33,POSITIVE_LENGTH_MEASURE(2.E-2),#3);
#263=PRESENTATION_STYLE_ASSIGNMENT((#262));
#264=STYLED_ITEM('',(#263),#261);
#265=DIRECTION('',(1.E0,0.E0,0.E0));
#266=VECTOR('',#265,5.767997944025E0);
#267=CARTESIAN_POINT('',(-2.883998972012E0,-4.707911690818E-1,
-6.931813732086E0));
#268=LINE('',#267,#266);
#269=CURVE_STYLE('',#33,POSITIVE_LENGTH_MEASURE(2.E-2),#3);
#270=PRESENTATION_STYLE_ASSIGNMENT((#269));
#271=STYLED_ITEM('',(#270),#268);
#272=DIRECTION('',(-2.035585949528E-1,-9.576678948580E-1,2.035585949528E-1));
#273=VECTOR('',#272,3.348563926524E-1);
#274=CARTESIAN_POINT('',(3.049976628885E0,-1.501099524506E-1,
-6.902161868812E0));
#275=LINE('',#274,#273);
#276=CURVE_STYLE('',#33,POSITIVE_LENGTH_MEASURE(2.E-2),#3);
#277=PRESENTATION_STYLE_ASSIGNMENT((#276));
#278=STYLED_ITEM('',(#277),#275);
#279=DIRECTION('',(0.E0,0.E0,1.E0));
#280=VECTOR('',#279,1.366799794402E1);
#281=CARTESIAN_POINT('',(2.981813732086E0,-4.707911690818E-1,
-6.833998972012E0));
#282=LINE('',#281,#280);
#283=CURVE_STYLE('',#33,POSITIVE_LENGTH_MEASURE(2.E-2),#3);
#284=PRESENTATION_STYLE_ASSIGNMENT((#283));
#285=STYLED_ITEM('',(#284),#282);
#286=DIRECTION('',(-2.035585949528E-1,-9.576678948580E-1,-2.035585949528E-1));
#287=VECTOR('',#286,3.348563926524E-1);
#288=CARTESIAN_POINT('',(3.049976628885E0,-1.501099524506E-1,6.902161868812E0));
#289=LINE('',#288,#287);
#290=CURVE_STYLE('',#33,POSITIVE_LENGTH_MEASURE(2.E-2),#3);
#291=PRESENTATION_STYLE_ASSIGNMENT((#290));
#292=STYLED_ITEM('',(#291),#289);
#293=CARTESIAN_POINT('',(3.05E0,-1.5E-1,6.9E0));
#294=CARTESIAN_POINT('',(3.05E0,-1.5E-1,6.900722566200E0));
#295=CARTESIAN_POINT('',(3.049992169645E0,-1.500368389259E-1,6.901443179163E0));
#296=CARTESIAN_POINT('',(3.049976628885E0,-1.501099524506E-1,6.902161868812E0));
#298=CURVE_STYLE('',#33,POSITIVE_LENGTH_MEASURE(2.E-2),#3);
#299=PRESENTATION_STYLE_ASSIGNMENT((#298));
#300=STYLED_ITEM('',(#299),#297);
#301=CARTESIAN_POINT('',(3.049976628885E0,-1.501099524506E-1,
-6.902161868812E0));
#302=CARTESIAN_POINT('',(3.049992169645E0,-1.500368389259E-1,
-6.901443179163E0));
#303=CARTESIAN_POINT('',(3.05E0,-1.5E-1,-6.900722566200E0));
#304=CARTESIAN_POINT('',(3.05E0,-1.5E-1,-6.9E0));
#306=CURVE_STYLE('',#33,POSITIVE_LENGTH_MEASURE(2.E-2),#3);
#307=PRESENTATION_STYLE_ASSIGNMENT((#306));
#308=STYLED_ITEM('',(#307),#305);
#309=CARTESIAN_POINT('',(2.883998972012E0,-4.5E-1,6.833998972012E0));
#310=DIRECTION('',(1.E0,0.E0,0.E0));
#311=DIRECTION('',(0.E0,-2.079116908178E-1,9.781476007338E-1));
#312=AXIS2_PLACEMENT_3D('',#309,#310,#311);
#314=CURVE_STYLE('',#33,POSITIVE_LENGTH_MEASURE(2.E-2),#3);
#315=PRESENTATION_STYLE_ASSIGNMENT((#314));
#316=STYLED_ITEM('',(#315),#313);
#317=CARTESIAN_POINT('',(2.883998972012E0,-4.5E-1,6.833998972012E0));
#318=DIRECTION('',(-2.035585949528E-1,-9.576678948580E-1,-2.035585949528E-1));
#319=DIRECTION('',(9.781476007338E-1,-2.079116908178E-1,0.E0));
#320=AXIS2_PLACEMENT_3D('',#317,#318,#319);
#322=CURVE_STYLE('',#33,POSITIVE_LENGTH_MEASURE(2.E-2),#3);
#323=PRESENTATION_STYLE_ASSIGNMENT((#322));
#324=STYLED_ITEM('',(#323),#321);
#325=CARTESIAN_POINT('',(2.883998972012E0,-4.5E-1,6.833998972012E0));
#326=DIRECTION('',(0.E0,0.E0,1.E0));
#327=DIRECTION('',(0.E0,-1.E0,0.E0));
#328=AXIS2_PLACEMENT_3D('',#325,#326,#327);
#330=CURVE_STYLE('',#33,POSITIVE_LENGTH_MEASURE(2.E-2),#3);
#331=PRESENTATION_STYLE_ASSIGNMENT((#330));
#332=STYLED_ITEM('',(#331),#329);
#333=CARTESIAN_POINT('',(-2.883998972012E0,-4.5E-1,6.833998972012E0));
#334=DIRECTION('',(-1.E0,0.E0,0.E0));
#335=DIRECTION('',(0.E0,-1.E0,0.E0));
#336=AXIS2_PLACEMENT_3D('',#333,#334,#335);
#338=CURVE_STYLE('',#33,POSITIVE_LENGTH_MEASURE(2.E-2),#3);
#339=PRESENTATION_STYLE_ASSIGNMENT((#338));
#340=STYLED_ITEM('',(#339),#337);
#341=CARTESIAN_POINT('',(-2.883998972012E0,-4.5E-1,6.833998972012E0));
#342=DIRECTION('',(0.E0,0.E0,1.E0));
#343=DIRECTION('',(-9.781476007338E-1,-2.079116908178E-1,0.E0));
#344=AXIS2_PLACEMENT_3D('',#341,#342,#343);
#346=CURVE_STYLE('',#33,POSITIVE_LENGTH_MEASURE(2.E-2),#3);
#347=PRESENTATION_STYLE_ASSIGNMENT((#346));
#348=STYLED_ITEM('',(#347),#345);
#349=CARTESIAN_POINT('',(-2.883998972012E0,-4.5E-1,6.833998972012E0));
#350=DIRECTION('',(2.035585949528E-1,-9.576678948580E-1,-2.035585949528E-1));
#351=DIRECTION('',(0.E0,-2.079116908178E-1,9.781476007338E-1));
#352=AXIS2_PLACEMENT_3D('',#349,#350,#351);
#354=CURVE_STYLE('',#33,POSITIVE_LENGTH_MEASURE(2.E-2),#3);
#355=PRESENTATION_STYLE_ASSIGNMENT((#354));
#356=STYLED_ITEM('',(#355),#353);
#357=CARTESIAN_POINT('',(-2.952161868812E0,-1.501099524506E-1,
6.999976628885E0));
#358=CARTESIAN_POINT('',(-2.962287293448E0,-1.511400291817E-1,
6.999757679317E0));
#359=CARTESIAN_POINT('',(-2.982505781715E0,-1.528768158524E-1,
6.996242251445E0));
#360=CARTESIAN_POINT('',(-3.010133780501E0,-1.542533704215E-1,
6.981852881498E0));
#361=CARTESIAN_POINT('',(-3.031852881498E0,-1.542533704215E-1,
6.960133780501E0));
#362=CARTESIAN_POINT('',(-3.046242251445E0,-1.528768158524E-1,
6.932505781715E0));
#363=CARTESIAN_POINT('',(-3.049757679317E0,-1.511400291817E-1,
6.912287293448E0));
#364=CARTESIAN_POINT('',(-3.049976628885E0,-1.501099524506E-1,
6.902161868812E0));
#366=CURVE_STYLE('',#33,POSITIVE_LENGTH_MEASURE(2.E-2),#3);
#367=PRESENTATION_STYLE_ASSIGNMENT((#366));
#368=STYLED_ITEM('',(#367),#365);
#369=CARTESIAN_POINT('',(-3.049976628885E0,1.099524505766E-4,6.902161868812E0));
#370=CARTESIAN_POINT('',(-3.049757679317E0,1.140029181715E-3,6.912287293448E0));
#371=CARTESIAN_POINT('',(-3.046242251445E0,2.876815852393E-3,6.932505781715E0));
#372=CARTESIAN_POINT('',(-3.031852881498E0,4.253370421535E-3,6.960133780501E0));
#373=CARTESIAN_POINT('',(-3.010133780501E0,4.253370421537E-3,6.981852881498E0));
#374=CARTESIAN_POINT('',(-2.982505781715E0,2.876815852393E-3,6.996242251445E0));
#375=CARTESIAN_POINT('',(-2.962287293448E0,1.140029181712E-3,6.999757679317E0));
#376=CARTESIAN_POINT('',(-2.952161868812E0,1.099524505728E-4,6.999976628885E0));
#378=CURVE_STYLE('',#33,POSITIVE_LENGTH_MEASURE(2.E-2),#3);
#379=PRESENTATION_STYLE_ASSIGNMENT((#378));
#380=STYLED_ITEM('',(#379),#377);
#381=DIRECTION('',(0.E0,-1.E0,0.E0));
#382=VECTOR('',#381,1.5E-1);
#383=CARTESIAN_POINT('',(2.95E0,0.E0,7.E0));
#384=LINE('',#383,#382);
#385=CURVE_STYLE('',#33,POSITIVE_LENGTH_MEASURE(2.E-2),#3);
#386=PRESENTATION_STYLE_ASSIGNMENT((#385));
#387=STYLED_ITEM('',(#386),#384);
#388=DIRECTION('',(1.E0,0.E0,0.E0));
#389=VECTOR('',#388,5.9E0);
#390=CARTESIAN_POINT('',(-2.95E0,-1.5E-1,7.E0));
#391=LINE('',#390,#389);
#392=CURVE_STYLE('',#33,POSITIVE_LENGTH_MEASURE(2.E-2),#3);
#393=PRESENTATION_STYLE_ASSIGNMENT((#392));
#394=STYLED_ITEM('',(#393),#391);
#395=DIRECTION('',(0.E0,-1.E0,0.E0));
#396=VECTOR('',#395,1.5E-1);
#397=CARTESIAN_POINT('',(-2.95E0,0.E0,7.E0));
#398=LINE('',#397,#396);
#399=CURVE_STYLE('',#33,POSITIVE_LENGTH_MEASURE(2.E-2),#3);
#400=PRESENTATION_STYLE_ASSIGNMENT((#399));
#401=STYLED_ITEM('',(#400),#398);
#402=CARTESIAN_POINT('',(3.049976628885E0,-1.501099524506E-1,6.902161868812E0));
#403=CARTESIAN_POINT('',(3.049757679317E0,-1.511400291817E-1,6.912287293448E0));
#404=CARTESIAN_POINT('',(3.046242251445E0,-1.528768158524E-1,6.932505781715E0));
#405=CARTESIAN_POINT('',(3.031852881498E0,-1.542533704215E-1,6.960133780501E0));
#406=CARTESIAN_POINT('',(3.010133780501E0,-1.542533704215E-1,6.981852881498E0));
#407=CARTESIAN_POINT('',(2.982505781715E0,-1.528768158524E-1,6.996242251445E0));
#408=CARTESIAN_POINT('',(2.962287293448E0,-1.511400291817E-1,6.999757679317E0));
#409=CARTESIAN_POINT('',(2.952161868812E0,-1.501099524506E-1,6.999976628885E0));
#411=CURVE_STYLE('',#33,POSITIVE_LENGTH_MEASURE(2.E-2),#3);
#412=PRESENTATION_STYLE_ASSIGNMENT((#411));
#413=STYLED_ITEM('',(#412),#410);
#414=CARTESIAN_POINT('',(2.952161868812E0,1.099524505732E-4,6.999976628885E0));
#415=CARTESIAN_POINT('',(2.962287293448E0,1.140029181712E-3,6.999757679317E0));
#416=CARTESIAN_POINT('',(2.982505781715E0,2.876815852398E-3,6.996242251445E0));
#417=CARTESIAN_POINT('',(3.010133780501E0,4.253370421530E-3,6.981852881498E0));
#418=CARTESIAN_POINT('',(3.031852881498E0,4.253370421538E-3,6.960133780501E0));
#419=CARTESIAN_POINT('',(3.046242251445E0,2.876815852393E-3,6.932505781715E0));
#420=CARTESIAN_POINT('',(3.049757679317E0,1.140029181715E-3,6.912287293448E0));
#421=CARTESIAN_POINT('',(3.049976628885E0,1.099524505767E-4,6.902161868812E0));
#423=CURVE_STYLE('',#33,POSITIVE_LENGTH_MEASURE(2.E-2),#3);
#424=PRESENTATION_STYLE_ASSIGNMENT((#423));
#425=STYLED_ITEM('',(#424),#422);
#426=DIRECTION('',(0.E0,-1.E0,0.E0));
#427=VECTOR('',#426,1.5E-1);
#428=CARTESIAN_POINT('',(3.05E0,0.E0,-6.9E0));
#429=LINE('',#428,#427);
#430=CURVE_STYLE('',#33,POSITIVE_LENGTH_MEASURE(2.E-2),#3);
#431=PRESENTATION_STYLE_ASSIGNMENT((#430));
#432=STYLED_ITEM('',(#431),#429);
#433=DIRECTION('',(0.E0,0.E0,-1.E0));
#434=VECTOR('',#433,1.38E1);
#435=CARTESIAN_POINT('',(3.05E0,-1.5E-1,6.9E0));
#436=LINE('',#435,#434);
#437=CURVE_STYLE('',#33,POSITIVE_LENGTH_MEASURE(2.E-2),#3);
#438=PRESENTATION_STYLE_ASSIGNMENT((#437));
#439=STYLED_ITEM('',(#438),#436);
#440=DIRECTION('',(0.E0,-1.E0,0.E0));
#441=VECTOR('',#440,1.5E-1);
#442=CARTESIAN_POINT('',(3.05E0,0.E0,6.9E0));
#443=LINE('',#442,#441);
#444=CURVE_STYLE('',#33,POSITIVE_LENGTH_MEASURE(2.E-2),#3);
#445=PRESENTATION_STYLE_ASSIGNMENT((#444));
#446=STYLED_ITEM('',(#445),#443);
#447=CARTESIAN_POINT('',(2.952161868812E0,-1.501099524506E-1,
-6.999976628885E0));
#448=CARTESIAN_POINT('',(2.962287293448E0,-1.511400291817E-1,
-6.999757679317E0));
#449=CARTESIAN_POINT('',(2.982505781715E0,-1.528768158524E-1,
-6.996242251445E0));
#450=CARTESIAN_POINT('',(3.010133780501E0,-1.542533704215E-1,
-6.981852881498E0));
#451=CARTESIAN_POINT('',(3.031852881498E0,-1.542533704215E-1,
-6.960133780501E0));
#452=CARTESIAN_POINT('',(3.046242251445E0,-1.528768158524E-1,
-6.932505781715E0));
#453=CARTESIAN_POINT('',(3.049757679317E0,-1.511400291817E-1,
-6.912287293448E0));
#454=CARTESIAN_POINT('',(3.049976628885E0,-1.501099524506E-1,
-6.902161868812E0));
#456=CURVE_STYLE('',#33,POSITIVE_LENGTH_MEASURE(2.E-2),#3);
#457=PRESENTATION_STYLE_ASSIGNMENT((#456));
#458=STYLED_ITEM('',(#457),#455);
#459=CARTESIAN_POINT('',(3.049976628885E0,1.099524505770E-4,-6.902161868812E0));
#460=CARTESIAN_POINT('',(3.049757679317E0,1.140029181715E-3,-6.912287293448E0));
#461=CARTESIAN_POINT('',(3.046242251445E0,2.876815852395E-3,-6.932505781715E0));
#462=CARTESIAN_POINT('',(3.031852881498E0,4.253370421537E-3,-6.960133780501E0));
#463=CARTESIAN_POINT('',(3.010133780501E0,4.253370421536E-3,-6.981852881498E0));
#464=CARTESIAN_POINT('',(2.982505781715E0,2.876815852396E-3,-6.996242251445E0));
#465=CARTESIAN_POINT('',(2.962287293448E0,1.140029181713E-3,-6.999757679317E0));
#466=CARTESIAN_POINT('',(2.952161868812E0,1.099524505748E-4,-6.999976628885E0));
#468=CURVE_STYLE('',#33,POSITIVE_LENGTH_MEASURE(2.E-2),#3);
#469=PRESENTATION_STYLE_ASSIGNMENT((#468));
#470=STYLED_ITEM('',(#469),#467);
#471=DIRECTION('',(0.E0,-1.E0,0.E0));
#472=VECTOR('',#471,1.5E-1);
#473=CARTESIAN_POINT('',(2.95E0,0.E0,-7.E0));
#474=LINE('',#473,#472);
#475=CURVE_STYLE('',#33,POSITIVE_LENGTH_MEASURE(2.E-2),#3);
#476=PRESENTATION_STYLE_ASSIGNMENT((#475));
#477=STYLED_ITEM('',(#476),#474);
#478=DIRECTION('',(0.E0,-1.E0,0.E0));
#479=VECTOR('',#478,1.5E-1);
#480=CARTESIAN_POINT('',(-2.95E0,0.E0,-7.E0));
#481=LINE('',#480,#479);
#482=CURVE_STYLE('',#33,POSITIVE_LENGTH_MEASURE(2.E-2),#3);
#483=PRESENTATION_STYLE_ASSIGNMENT((#482));
#484=STYLED_ITEM('',(#483),#481);
#485=DIRECTION('',(-1.E0,0.E0,0.E0));
#486=VECTOR('',#485,5.9E0);
#487=CARTESIAN_POINT('',(2.95E0,-1.5E-1,-7.E0));
#488=LINE('',#487,#486);
#489=CURVE_STYLE('',#33,POSITIVE_LENGTH_MEASURE(2.E-2),#3);
#490=PRESENTATION_STYLE_ASSIGNMENT((#489));
#491=STYLED_ITEM('',(#490),#488);
#492=CARTESIAN_POINT('',(2.952161868812E0,1.099524505789E-4,-6.999976628885E0));
#493=CARTESIAN_POINT('',(2.951443179163E0,3.683892593844E-5,-6.999992169645E0));
#494=CARTESIAN_POINT('',(2.950722566200E0,0.E0,-7.E0));
#495=CARTESIAN_POINT('',(2.95E0,0.E0,-7.E0));
#497=CURVE_STYLE('',#33,POSITIVE_LENGTH_MEASURE(2.E-2),#3);
#498=PRESENTATION_STYLE_ASSIGNMENT((#497));
#499=STYLED_ITEM('',(#498),#496);
#500=DIRECTION('',(2.035585949528E-1,-9.576678948580E-1,-2.035585949528E-1));
#501=VECTOR('',#500,3.870665588995E-1);
#502=CARTESIAN_POINT('',(2.873371143929E0,3.707911690818E-1,-6.921185904002E0));
#503=LINE('',#502,#501);
#504=CURVE_STYLE('',#33,POSITIVE_LENGTH_MEASURE(2.E-2),#3);
#505=PRESENTATION_STYLE_ASSIGNMENT((#504));
#506=STYLED_ITEM('',(#505),#503);
#507=DIRECTION('',(-1.E0,0.E0,0.E0));
#508=VECTOR('',#507,5.746742287858E0);
#509=CARTESIAN_POINT('',(2.873371143929E0,3.707911690818E-1,-6.921185904002E0));
#510=LINE('',#509,#508);
#511=CURVE_STYLE('',#33,POSITIVE_LENGTH_MEASURE(2.E-2),#3);
#512=PRESENTATION_STYLE_ASSIGNMENT((#511));
#513=STYLED_ITEM('',(#512),#510);
#514=DIRECTION('',(-2.035585949528E-1,-9.576678948580E-1,-2.035585949528E-1));
#515=VECTOR('',#514,3.870665588995E-1);
#516=CARTESIAN_POINT('',(-2.873371143929E0,3.707911690818E-1,
-6.921185904002E0));
#517=LINE('',#516,#515);
#518=CURVE_STYLE('',#33,POSITIVE_LENGTH_MEASURE(2.E-2),#3);
#519=PRESENTATION_STYLE_ASSIGNMENT((#518));
#520=STYLED_ITEM('',(#519),#517);
#521=CARTESIAN_POINT('',(-2.95E0,0.E0,-7.E0));
#522=CARTESIAN_POINT('',(-2.950722566200E0,0.E0,-7.E0));
#523=CARTESIAN_POINT('',(-2.951443179163E0,3.683892593839E-5,
-6.999992169645E0));
#524=CARTESIAN_POINT('',(-2.952161868812E0,1.099524505788E-4,
-6.999976628885E0));
#526=CURVE_STYLE('',#33,POSITIVE_LENGTH_MEASURE(2.E-2),#3);
#527=PRESENTATION_STYLE_ASSIGNMENT((#526));
#528=STYLED_ITEM('',(#527),#525);
#529=DIRECTION('',(-1.E0,0.E0,0.E0));
#530=VECTOR('',#529,5.9E0);
#531=CARTESIAN_POINT('',(2.95E0,0.E0,-7.E0));
#532=LINE('',#531,#530);
#533=CURVE_STYLE('',#33,POSITIVE_LENGTH_MEASURE(2.E-2),#3);
#534=PRESENTATION_STYLE_ASSIGNMENT((#533));
#535=STYLED_ITEM('',(#534),#532);
#536=DIRECTION('',(0.E0,0.E0,-1.E0));
#537=VECTOR('',#536,1.364674228786E1);
#538=CARTESIAN_POINT('',(2.971185904002E0,3.707911690818E-1,6.823371143929E0));
#539=LINE('',#538,#537);
#540=CURVE_STYLE('',#33,POSITIVE_LENGTH_MEASURE(2.E-2),#3);
#541=PRESENTATION_STYLE_ASSIGNMENT((#540));
#542=STYLED_ITEM('',(#541),#539);
#543=DIRECTION('',(2.035585949528E-1,-9.576678948580E-1,-2.035585949528E-1));
#544=VECTOR('',#543,3.870665588995E-1);
#545=CARTESIAN_POINT('',(2.971185904002E0,3.707911690818E-1,-6.823371143929E0));
#546=LINE('',#545,#544);
#547=CURVE_STYLE('',#33,POSITIVE_LENGTH_MEASURE(2.E-2),#3);
#548=PRESENTATION_STYLE_ASSIGNMENT((#547));
#549=STYLED_ITEM('',(#548),#546);
#550=CARTESIAN_POINT('',(3.05E0,0.E0,-6.9E0));
#551=CARTESIAN_POINT('',(3.05E0,0.E0,-6.900722566200E0));
#552=CARTESIAN_POINT('',(3.049992169645E0,3.683892593637E-5,-6.901443179163E0));
#553=CARTESIAN_POINT('',(3.049976628885E0,1.099524505769E-4,-6.902161868812E0));
#555=CURVE_STYLE('',#33,POSITIVE_LENGTH_MEASURE(2.E-2),#3);
#556=PRESENTATION_STYLE_ASSIGNMENT((#555));
#557=STYLED_ITEM('',(#556),#554);
#558=DIRECTION('',(0.E0,0.E0,-1.E0));
#559=VECTOR('',#558,1.38E1);
#560=CARTESIAN_POINT('',(3.05E0,0.E0,6.9E0));
#561=LINE('',#560,#559);
#562=CURVE_STYLE('',#33,POSITIVE_LENGTH_MEASURE(2.E-2),#3);
#563=PRESENTATION_STYLE_ASSIGNMENT((#562));
#564=STYLED_ITEM('',(#563),#561);
#565=CARTESIAN_POINT('',(3.049976628885E0,1.099524505769E-4,6.902161868812E0));
#566=CARTESIAN_POINT('',(3.049992169645E0,3.683892593644E-5,6.901443179163E0));
#567=CARTESIAN_POINT('',(3.05E0,0.E0,6.900722566200E0));
#568=CARTESIAN_POINT('',(3.05E0,0.E0,6.9E0));
#570=CURVE_STYLE('',#33,POSITIVE_LENGTH_MEASURE(2.E-2),#3);
#571=PRESENTATION_STYLE_ASSIGNMENT((#570));
#572=STYLED_ITEM('',(#571),#569);
#573=DIRECTION('',(2.035585949528E-1,-9.576678948580E-1,2.035585949528E-1));
#574=VECTOR('',#573,3.870665588995E-1);
#575=CARTESIAN_POINT('',(2.971185904002E0,3.707911690818E-1,6.823371143929E0));
#576=LINE('',#575,#574);
#577=CURVE_STYLE('',#33,POSITIVE_LENGTH_MEASURE(2.E-2),#3);
#578=PRESENTATION_STYLE_ASSIGNMENT((#577));
#579=STYLED_ITEM('',(#578),#576);
#580=CARTESIAN_POINT('',(2.873371143929E0,3.5E-1,6.823371143929E0));
#581=DIRECTION('',(1.E0,0.E0,0.E0));
#582=DIRECTION('',(0.E0,1.E0,0.E0));
#583=AXIS2_PLACEMENT_3D('',#580,#581,#582);
#585=CURVE_STYLE('',#33,POSITIVE_LENGTH_MEASURE(2.E-2),#3);
#586=PRESENTATION_STYLE_ASSIGNMENT((#585));
#587=STYLED_ITEM('',(#586),#584);
#588=CARTESIAN_POINT('',(2.873371143929E0,3.5E-1,6.823371143929E0));
#589=DIRECTION('',(0.E0,0.E0,1.E0));
#590=DIRECTION('',(9.781476007338E-1,2.079116908178E-1,0.E0));
#591=AXIS2_PLACEMENT_3D('',#588,#589,#590);
#593=CURVE_STYLE('',#33,POSITIVE_LENGTH_MEASURE(2.E-2),#3);
#594=PRESENTATION_STYLE_ASSIGNMENT((#593));
#595=STYLED_ITEM('',(#594),#592);
#596=CARTESIAN_POINT('',(2.873371143929E0,3.5E-1,6.823371143929E0));
#597=DIRECTION('',(-2.035585949528E-1,9.576678948580E-1,-2.035585949528E-1));
#598=DIRECTION('',(0.E0,2.079116908178E-1,9.781476007338E-1));
#599=AXIS2_PLACEMENT_3D('',#596,#597,#598);
#601=CURVE_STYLE('',#33,POSITIVE_LENGTH_MEASURE(2.E-2),#3);
#602=PRESENTATION_STYLE_ASSIGNMENT((#601));
#603=STYLED_ITEM('',(#602),#600);
#604=CARTESIAN_POINT('',(2.95E0,0.E0,7.E0));
#605=CARTESIAN_POINT('',(2.950722566200E0,0.E0,7.E0));
#606=CARTESIAN_POINT('',(2.951443179163E0,3.683892593839E-5,6.999992169645E0));
#607=CARTESIAN_POINT('',(2.952161868812E0,1.099524505788E-4,6.999976628885E0));
#609=CURVE_STYLE('',#33,POSITIVE_LENGTH_MEASURE(2.E-2),#3);
#610=PRESENTATION_STYLE_ASSIGNMENT((#609));
#611=STYLED_ITEM('',(#610),#608);
#612=DIRECTION('',(1.E0,0.E0,0.E0));
#613=VECTOR('',#612,5.9E0);
#614=CARTESIAN_POINT('',(-2.95E0,0.E0,7.E0));
#615=LINE('',#614,#613);
#616=CURVE_STYLE('',#33,POSITIVE_LENGTH_MEASURE(2.E-2),#3);
#617=PRESENTATION_STYLE_ASSIGNMENT((#616));
#618=STYLED_ITEM('',(#617),#615);
#619=CARTESIAN_POINT('',(-2.952161868812E0,1.099524505789E-4,6.999976628885E0));
#620=CARTESIAN_POINT('',(-2.951443179163E0,3.683892593845E-5,6.999992169645E0));
#621=CARTESIAN_POINT('',(-2.950722566200E0,0.E0,7.E0));
#622=CARTESIAN_POINT('',(-2.95E0,0.E0,7.E0));
#624=CURVE_STYLE('',#33,POSITIVE_LENGTH_MEASURE(2.E-2),#3);
#625=PRESENTATION_STYLE_ASSIGNMENT((#624));
#626=STYLED_ITEM('',(#625),#623);
#627=DIRECTION('',(-2.035585949528E-1,-9.576678948580E-1,2.035585949528E-1));
#628=VECTOR('',#627,3.870665588995E-1);
#629=CARTESIAN_POINT('',(-2.873371143929E0,3.707911690818E-1,6.921185904002E0));
#630=LINE('',#629,#628);
#631=CURVE_STYLE('',#33,POSITIVE_LENGTH_MEASURE(2.E-2),#3);
#632=PRESENTATION_STYLE_ASSIGNMENT((#631));
#633=STYLED_ITEM('',(#632),#630);
#634=DIRECTION('',(1.E0,0.E0,0.E0));
#635=VECTOR('',#634,5.746742287858E0);
#636=CARTESIAN_POINT('',(-2.873371143929E0,3.707911690818E-1,6.921185904002E0));
#637=LINE('',#636,#635);
#638=CURVE_STYLE('',#33,POSITIVE_LENGTH_MEASURE(2.E-2),#3);
#639=PRESENTATION_STYLE_ASSIGNMENT((#638));
#640=STYLED_ITEM('',(#639),#637);
#641=DIRECTION('',(2.035585949528E-1,-9.576678948580E-1,2.035585949528E-1));
#642=VECTOR('',#641,3.870665588995E-1);
#643=CARTESIAN_POINT('',(2.873371143929E0,3.707911690818E-1,6.921185904002E0));
#644=LINE('',#643,#642);
#645=CURVE_STYLE('',#33,POSITIVE_LENGTH_MEASURE(2.E-2),#3);
#646=PRESENTATION_STYLE_ASSIGNMENT((#645));
#647=STYLED_ITEM('',(#646),#644);
#648=DIRECTION('',(0.E0,0.E0,1.E0));
#649=VECTOR('',#648,1.364674228786E1);
#650=CARTESIAN_POINT('',(-2.971185904002E0,3.707911690818E-1,
-6.823371143929E0));
#651=LINE('',#650,#649);
#652=CURVE_STYLE('',#33,POSITIVE_LENGTH_MEASURE(2.E-2),#3);
#653=PRESENTATION_STYLE_ASSIGNMENT((#652));
#654=STYLED_ITEM('',(#653),#651);
#655=DIRECTION('',(-2.035585949528E-1,-9.576678948580E-1,2.035585949528E-1));
#656=VECTOR('',#655,3.870665588995E-1);
#657=CARTESIAN_POINT('',(-2.971185904002E0,3.707911690818E-1,6.823371143929E0));
#658=LINE('',#657,#656);
#659=CURVE_STYLE('',#33,POSITIVE_LENGTH_MEASURE(2.E-2),#3);
#660=PRESENTATION_STYLE_ASSIGNMENT((#659));
#661=STYLED_ITEM('',(#660),#658);
#662=CARTESIAN_POINT('',(-3.05E0,0.E0,6.9E0));
#663=CARTESIAN_POINT('',(-3.05E0,0.E0,6.900722566200E0));
#664=CARTESIAN_POINT('',(-3.049992169645E0,3.683892593637E-5,6.901443179163E0));
#665=CARTESIAN_POINT('',(-3.049976628885E0,1.099524505769E-4,6.902161868812E0));
#667=CURVE_STYLE('',#33,POSITIVE_LENGTH_MEASURE(2.E-2),#3);
#668=PRESENTATION_STYLE_ASSIGNMENT((#667));
#669=STYLED_ITEM('',(#668),#666);
#670=DIRECTION('',(0.E0,0.E0,1.E0));
#671=VECTOR('',#670,1.38E1);
#672=CARTESIAN_POINT('',(-3.05E0,0.E0,-6.9E0));
#673=LINE('',#672,#671);
#674=CURVE_STYLE('',#33,POSITIVE_LENGTH_MEASURE(2.E-2),#3);
#675=PRESENTATION_STYLE_ASSIGNMENT((#674));
#676=STYLED_ITEM('',(#675),#673);
#677=CARTESIAN_POINT('',(-3.049976628885E0,1.099524505769E-4,
-6.902161868812E0));
#678=CARTESIAN_POINT('',(-3.049992169645E0,3.683892593644E-5,
-6.901443179163E0));
#679=CARTESIAN_POINT('',(-3.05E0,0.E0,-6.900722566200E0));
#680=CARTESIAN_POINT('',(-3.05E0,0.E0,-6.9E0));
#682=CURVE_STYLE('',#33,POSITIVE_LENGTH_MEASURE(2.E-2),#3);
#683=PRESENTATION_STYLE_ASSIGNMENT((#682));
#684=STYLED_ITEM('',(#683),#681);
#685=DIRECTION('',(-2.035585949528E-1,-9.576678948580E-1,-2.035585949528E-1));
#686=VECTOR('',#685,3.870665588995E-1);
#687=CARTESIAN_POINT('',(-2.971185904002E0,3.707911690818E-1,
-6.823371143929E0));
#688=LINE('',#687,#686);
#689=CURVE_STYLE('',#33,POSITIVE_LENGTH_MEASURE(2.E-2),#3);
#690=PRESENTATION_STYLE_ASSIGNMENT((#689));
#691=STYLED_ITEM('',(#690),#688);
#692=CARTESIAN_POINT('',(-2.873371143929E0,3.5E-1,-6.823371143929E0));
#693=DIRECTION('',(2.035585949528E-1,9.576678948580E-1,2.035585949528E-1));
#694=DIRECTION('',(0.E0,2.079116908178E-1,-9.781476007338E-1));
#695=AXIS2_PLACEMENT_3D('',#692,#693,#694);
#697=CURVE_STYLE('',#33,POSITIVE_LENGTH_MEASURE(2.E-2),#3);
#698=PRESENTATION_STYLE_ASSIGNMENT((#697));
#699=STYLED_ITEM('',(#698),#696);
#700=CARTESIAN_POINT('',(-2.873371143929E0,3.5E-1,-6.823371143929E0));
#701=DIRECTION('',(-1.E0,0.E0,0.E0));
#702=DIRECTION('',(0.E0,1.E0,0.E0));
#703=AXIS2_PLACEMENT_3D('',#700,#701,#702);
#705=CURVE_STYLE('',#33,POSITIVE_LENGTH_MEASURE(2.E-2),#3);
#706=PRESENTATION_STYLE_ASSIGNMENT((#705));
#707=STYLED_ITEM('',(#706),#704);
#708=CARTESIAN_POINT('',(-2.873371143929E0,3.5E-1,-6.823371143929E0));
#709=DIRECTION('',(0.E0,0.E0,-1.E0));
#710=DIRECTION('',(-9.781476007338E-1,2.079116908178E-1,0.E0));
#711=AXIS2_PLACEMENT_3D('',#708,#709,#710);
#713=CURVE_STYLE('',#33,POSITIVE_LENGTH_MEASURE(2.E-2),#3);
#714=PRESENTATION_STYLE_ASSIGNMENT((#713));
#715=STYLED_ITEM('',(#714),#712);
#716=CARTESIAN_POINT('',(-3.049976628885E0,-1.501099524506E-1,
-6.902161868812E0));
#717=CARTESIAN_POINT('',(-3.049757679317E0,-1.511400291817E-1,
-6.912287293448E0));
#718=CARTESIAN_POINT('',(-3.046242251445E0,-1.528768158524E-1,
-6.932505781715E0));
#719=CARTESIAN_POINT('',(-3.031852881498E0,-1.542533704215E-1,
-6.960133780501E0));
#720=CARTESIAN_POINT('',(-3.010133780501E0,-1.542533704215E-1,
-6.981852881498E0));
#721=CARTESIAN_POINT('',(-2.982505781715E0,-1.528768158524E-1,
-6.996242251445E0));
#722=CARTESIAN_POINT('',(-2.962287293448E0,-1.511400291817E-1,
-6.999757679317E0));
#723=CARTESIAN_POINT('',(-2.952161868812E0,-1.501099524506E-1,
-6.999976628885E0));
#725=CURVE_STYLE('',#33,POSITIVE_LENGTH_MEASURE(2.E-2),#3);
#726=PRESENTATION_STYLE_ASSIGNMENT((#725));
#727=STYLED_ITEM('',(#726),#724);
#728=CARTESIAN_POINT('',(-2.952161868812E0,1.099524505734E-4,
-6.999976628885E0));
#729=CARTESIAN_POINT('',(-2.962287293448E0,1.140029181712E-3,
-6.999757679317E0));
#730=CARTESIAN_POINT('',(-2.982505781715E0,2.876815852393E-3,
-6.996242251445E0));
#731=CARTESIAN_POINT('',(-3.010133780501E0,4.253370421533E-3,
-6.981852881498E0));
#732=CARTESIAN_POINT('',(-3.031852881498E0,4.253370421535E-3,
-6.960133780501E0));
#733=CARTESIAN_POINT('',(-3.046242251445E0,2.876815852394E-3,
-6.932505781715E0));
#734=CARTESIAN_POINT('',(-3.049757679317E0,1.140029181716E-3,
-6.912287293448E0));
#735=CARTESIAN_POINT('',(-3.049976628885E0,1.099524505768E-4,
-6.902161868812E0));
#737=CURVE_STYLE('',#33,POSITIVE_LENGTH_MEASURE(2.E-2),#3);
#738=PRESENTATION_STYLE_ASSIGNMENT((#737));
#739=STYLED_ITEM('',(#738),#736);
#740=DIRECTION('',(0.E0,-1.E0,0.E0));
#741=VECTOR('',#740,1.5E-1);
#742=CARTESIAN_POINT('',(-3.05E0,0.E0,-6.9E0));
#743=LINE('',#742,#741);
#744=CURVE_STYLE('',#33,POSITIVE_LENGTH_MEASURE(2.E-2),#3);
#745=PRESENTATION_STYLE_ASSIGNMENT((#744));
#746=STYLED_ITEM('',(#745),#743);
#747=DIRECTION('',(0.E0,-1.E0,0.E0));
#748=VECTOR('',#747,1.5E-1);
#749=CARTESIAN_POINT('',(-3.05E0,0.E0,6.9E0));
#750=LINE('',#749,#748);
#751=CURVE_STYLE('',#33,POSITIVE_LENGTH_MEASURE(2.E-2),#3);
#752=PRESENTATION_STYLE_ASSIGNMENT((#751));
#753=STYLED_ITEM('',(#752),#750);
#754=DIRECTION('',(0.E0,0.E0,1.E0));
#755=VECTOR('',#754,1.38E1);
#756=CARTESIAN_POINT('',(-3.05E0,-1.5E-1,-6.9E0));
#757=LINE('',#756,#755);
#758=CURVE_STYLE('',#33,POSITIVE_LENGTH_MEASURE(2.E-2),#3);
#759=PRESENTATION_STYLE_ASSIGNMENT((#758));
#760=STYLED_ITEM('',(#759),#757);
#761=CARTESIAN_POINT('',(-2.25E0,4.5E-1,-6.2E0));
#762=DIRECTION('',(0.E0,-1.E0,0.E0));
#763=DIRECTION('',(1.E0,0.E0,0.E0));
#764=AXIS2_PLACEMENT_3D('',#761,#762,#763);
#766=CURVE_STYLE('',#33,POSITIVE_LENGTH_MEASURE(2.E-2),#3);
#767=PRESENTATION_STYLE_ASSIGNMENT((#766));
#768=STYLED_ITEM('',(#767),#765);
#769=CARTESIAN_POINT('',(-2.25E0,4.5E-1,-6.2E0));
#770=DIRECTION('',(0.E0,-1.E0,0.E0));
#771=DIRECTION('',(-1.E0,0.E0,0.E0));
#772=AXIS2_PLACEMENT_3D('',#769,#770,#771);
#774=CURVE_STYLE('',#33,POSITIVE_LENGTH_MEASURE(2.E-2),#3);
#775=PRESENTATION_STYLE_ASSIGNMENT((#774));
#776=STYLED_ITEM('',(#775),#773);
#777=DIRECTION('',(0.E0,0.E0,1.E0));
#778=VECTOR('',#777,1.364674228786E1);
#779=CARTESIAN_POINT('',(-2.873371143929E0,4.5E-1,-6.823371143929E0));
#780=LINE('',#779,#778);
#781=CURVE_STYLE('',#33,POSITIVE_LENGTH_MEASURE(2.E-2),#3);
#782=PRESENTATION_STYLE_ASSIGNMENT((#781));
#783=STYLED_ITEM('',(#782),#780);
#784=DIRECTION('',(-1.E0,0.E0,0.E0));
#785=VECTOR('',#784,5.746742287858E0);
#786=CARTESIAN_POINT('',(2.873371143929E0,4.5E-1,-6.823371143929E0));
#787=LINE('',#786,#785);
#788=CURVE_STYLE('',#33,POSITIVE_LENGTH_MEASURE(2.E-2),#3);
#789=PRESENTATION_STYLE_ASSIGNMENT((#788));
#790=STYLED_ITEM('',(#789),#787);
#791=DIRECTION('',(0.E0,0.E0,-1.E0));
#792=VECTOR('',#791,1.364674228786E1);
#793=CARTESIAN_POINT('',(2.873371143929E0,4.5E-1,6.823371143929E0));
#794=LINE('',#793,#792);
#795=CURVE_STYLE('',#33,POSITIVE_LENGTH_MEASURE(2.E-2),#3);
#796=PRESENTATION_STYLE_ASSIGNMENT((#795));
#797=STYLED_ITEM('',(#796),#794);
#798=DIRECTION('',(1.E0,0.E0,0.E0));
#799=VECTOR('',#798,5.746742287858E0);
#800=CARTESIAN_POINT('',(-2.873371143929E0,4.5E-1,6.823371143929E0));
#801=LINE('',#800,#799);
#802=CURVE_STYLE('',#33,POSITIVE_LENGTH_MEASURE(2.E-2),#3);
#803=PRESENTATION_STYLE_ASSIGNMENT((#802));
#804=STYLED_ITEM('',(#803),#801);
#805=DIRECTION('',(0.E0,-1.E0,0.E0));
#806=VECTOR('',#805,5.E-2);
#807=CARTESIAN_POINT('',(-1.85E0,4.5E-1,-6.2E0));
#808=LINE('',#807,#806);
#809=CURVE_STYLE('',#33,POSITIVE_LENGTH_MEASURE(2.E-2),#3);
#810=PRESENTATION_STYLE_ASSIGNMENT((#809));
#811=STYLED_ITEM('',(#810),#808);
#812=DIRECTION('',(0.E0,-1.E0,0.E0));
#813=VECTOR('',#812,5.E-2);
#814=CARTESIAN_POINT('',(-2.65E0,4.5E-1,-6.2E0));
#815=LINE('',#814,#813);
#816=CURVE_STYLE('',#33,POSITIVE_LENGTH_MEASURE(2.E-2),#3);
#817=PRESENTATION_STYLE_ASSIGNMENT((#816));
#818=STYLED_ITEM('',(#817),#815);
#819=CARTESIAN_POINT('',(-2.25E0,4.E-1,-6.2E0));
#820=DIRECTION('',(0.E0,-1.E0,0.E0));
#821=DIRECTION('',(1.E0,0.E0,0.E0));
#822=AXIS2_PLACEMENT_3D('',#819,#820,#821);
#824=CURVE_STYLE('',#33,POSITIVE_LENGTH_MEASURE(2.E-2),#3);
#825=PRESENTATION_STYLE_ASSIGNMENT((#824));
#826=STYLED_ITEM('',(#825),#823);
#827=CARTESIAN_POINT('',(-2.25E0,4.E-1,-6.2E0));
#828=DIRECTION('',(0.E0,-1.E0,0.E0));
#829=DIRECTION('',(-1.E0,0.E0,0.E0));
#830=AXIS2_PLACEMENT_3D('',#827,#828,#829);
#832=CURVE_STYLE('',#33,POSITIVE_LENGTH_MEASURE(2.E-2),#3);
#833=PRESENTATION_STYLE_ASSIGNMENT((#832));
#834=STYLED_ITEM('',(#833),#831);
#835=CARTESIAN_POINT('',(2.873371143929E0,3.5E-1,-6.823371143929E0));
#836=DIRECTION('',(1.E0,0.E0,0.E0));
#837=DIRECTION('',(0.E0,2.079116908178E-1,-9.781476007338E-1));
#838=AXIS2_PLACEMENT_3D('',#835,#836,#837);
#840=CURVE_STYLE('',#33,POSITIVE_LENGTH_MEASURE(2.E-2),#3);
#841=PRESENTATION_STYLE_ASSIGNMENT((#840));
#842=STYLED_ITEM('',(#841),#839);
#843=CARTESIAN_POINT('',(2.873371143929E0,3.5E-1,-6.823371143929E0));
#844=DIRECTION('',(-2.035585949528E-1,9.576678948580E-1,2.035585949528E-1));
#845=DIRECTION('',(9.781476007338E-1,2.079116908178E-1,0.E0));
#846=AXIS2_PLACEMENT_3D('',#843,#844,#845);
#848=CURVE_STYLE('',#33,POSITIVE_LENGTH_MEASURE(2.E-2),#3);
#849=PRESENTATION_STYLE_ASSIGNMENT((#848));
#850=STYLED_ITEM('',(#849),#847);
#851=CARTESIAN_POINT('',(2.873371143929E0,3.5E-1,-6.823371143929E0));
#852=DIRECTION('',(0.E0,0.E0,-1.E0));
#853=DIRECTION('',(0.E0,1.E0,0.E0));
#854=AXIS2_PLACEMENT_3D('',#851,#852,#853);
#856=CURVE_STYLE('',#33,POSITIVE_LENGTH_MEASURE(2.E-2),#3);
#857=PRESENTATION_STYLE_ASSIGNMENT((#856));
#858=STYLED_ITEM('',(#857),#855);
#859=CARTESIAN_POINT('',(-2.873371143929E0,3.5E-1,6.823371143929E0));
#860=DIRECTION('',(2.035585949528E-1,9.576678948580E-1,-2.035585949528E-1));
#861=DIRECTION('',(-9.781476007338E-1,2.079116908178E-1,0.E0));
#862=AXIS2_PLACEMENT_3D('',#859,#860,#861);
#864=CURVE_STYLE('',#33,POSITIVE_LENGTH_MEASURE(2.E-2),#3);
#865=PRESENTATION_STYLE_ASSIGNMENT((#864));
#866=STYLED_ITEM('',(#865),#863);
#867=CARTESIAN_POINT('',(-2.873371143929E0,3.5E-1,6.823371143929E0));
#868=DIRECTION('',(0.E0,0.E0,1.E0));
#869=DIRECTION('',(0.E0,1.E0,0.E0));
#870=AXIS2_PLACEMENT_3D('',#867,#868,#869);
#872=CURVE_STYLE('',#33,POSITIVE_LENGTH_MEASURE(2.E-2),#3);
#873=PRESENTATION_STYLE_ASSIGNMENT((#872));
#874=STYLED_ITEM('',(#873),#871);
#875=CARTESIAN_POINT('',(-2.873371143929E0,3.5E-1,6.823371143929E0));
#876=DIRECTION('',(-1.E0,0.E0,0.E0));
#877=DIRECTION('',(0.E0,2.079116908178E-1,9.781476007338E-1));
#878=AXIS2_PLACEMENT_3D('',#875,#876,#877);
#880=CURVE_STYLE('',#33,POSITIVE_LENGTH_MEASURE(2.E-2),#3);
#881=PRESENTATION_STYLE_ASSIGNMENT((#880));
#882=STYLED_ITEM('',(#881),#879);
#883=DIRECTION('',(-2.035585949528E-1,-9.576678948580E-1,-2.035585949528E-1));
#884=VECTOR('',#883,3.348563926524E-1);
#885=CARTESIAN_POINT('',(2.952161868812E0,-1.501099524506E-1,6.999976628885E0));
#886=LINE('',#885,#884);
#887=CURVE_STYLE('',#33,POSITIVE_LENGTH_MEASURE(2.E-2),#3);
#888=PRESENTATION_STYLE_ASSIGNMENT((#887));
#889=STYLED_ITEM('',(#888),#886);
#890=DIRECTION('',(-1.E0,0.E0,0.E0));
#891=VECTOR('',#890,5.767997944025E0);
#892=CARTESIAN_POINT('',(2.883998972012E0,-4.707911690818E-1,6.931813732086E0));
#893=LINE('',#892,#891);
#894=CURVE_STYLE('',#33,POSITIVE_LENGTH_MEASURE(2.E-2),#3);
#895=PRESENTATION_STYLE_ASSIGNMENT((#894));
#896=STYLED_ITEM('',(#895),#893);
#897=DIRECTION('',(2.035585949528E-1,-9.576678948580E-1,-2.035585949528E-1));
#898=VECTOR('',#897,3.348563926524E-1);
#899=CARTESIAN_POINT('',(-2.952161868812E0,-1.501099524506E-1,
6.999976628885E0));
#900=LINE('',#899,#898);
#901=CURVE_STYLE('',#33,POSITIVE_LENGTH_MEASURE(2.E-2),#3);
#902=PRESENTATION_STYLE_ASSIGNMENT((#901));
#903=STYLED_ITEM('',(#902),#900);
#904=CARTESIAN_POINT('',(-2.95E0,-1.5E-1,7.E0));
#905=CARTESIAN_POINT('',(-2.950722566200E0,-1.5E-1,7.E0));
#906=CARTESIAN_POINT('',(-2.951443179163E0,-1.500368389259E-1,
6.999992169645E0));
#907=CARTESIAN_POINT('',(-2.952161868812E0,-1.501099524506E-1,
6.999976628885E0));
#909=CURVE_STYLE('',#33,POSITIVE_LENGTH_MEASURE(2.E-2),#3);
#910=PRESENTATION_STYLE_ASSIGNMENT((#909));
#911=STYLED_ITEM('',(#910),#908);
#912=CARTESIAN_POINT('',(2.952161868812E0,-1.501099524506E-1,6.999976628885E0));
#913=CARTESIAN_POINT('',(2.951443179163E0,-1.500368389259E-1,6.999992169645E0));
#914=CARTESIAN_POINT('',(2.950722566200E0,-1.5E-1,7.E0));
#915=CARTESIAN_POINT('',(2.95E0,-1.5E-1,7.E0));
#917=CURVE_STYLE('',#33,POSITIVE_LENGTH_MEASURE(2.E-2),#3);
#918=PRESENTATION_STYLE_ASSIGNMENT((#917));
#919=STYLED_ITEM('',(#918),#916);
#920=CARTESIAN_POINT('',(2.883998972012E0,-4.5E-1,-6.833998972012E0));
#921=DIRECTION('',(0.E0,0.E0,-1.E0));
#922=DIRECTION('',(9.781476007338E-1,-2.079116908178E-1,0.E0));
#923=AXIS2_PLACEMENT_3D('',#920,#921,#922);
#925=CURVE_STYLE('',#33,POSITIVE_LENGTH_MEASURE(2.E-2),#3);
#926=PRESENTATION_STYLE_ASSIGNMENT((#925));
#927=STYLED_ITEM('',(#926),#924);
#928=CARTESIAN_POINT('',(2.883998972012E0,-4.5E-1,-6.833998972012E0));
#929=DIRECTION('',(-2.035585949528E-1,-9.576678948580E-1,2.035585949528E-1));
#930=DIRECTION('',(0.E0,-2.079116908178E-1,-9.781476007338E-1));
#931=AXIS2_PLACEMENT_3D('',#928,#929,#930);
#933=CURVE_STYLE('',#33,POSITIVE_LENGTH_MEASURE(2.E-2),#3);
#934=PRESENTATION_STYLE_ASSIGNMENT((#933));
#935=STYLED_ITEM('',(#934),#932);
#936=CARTESIAN_POINT('',(2.883998972012E0,-4.5E-1,-6.833998972012E0));
#937=DIRECTION('',(1.E0,0.E0,0.E0));
#938=DIRECTION('',(0.E0,-1.E0,0.E0));
#939=AXIS2_PLACEMENT_3D('',#936,#937,#938);
#941=CURVE_STYLE('',#33,POSITIVE_LENGTH_MEASURE(2.E-2),#3);
#942=PRESENTATION_STYLE_ASSIGNMENT((#941));
#943=STYLED_ITEM('',(#942),#940);
#944=CARTESIAN_POINT('',(-2.883998972012E0,-4.5E-1,-6.833998972012E0));
#945=DIRECTION('',(-1.E0,0.E0,0.E0));
#946=DIRECTION('',(0.E0,-2.079116908178E-1,-9.781476007338E-1));
#947=AXIS2_PLACEMENT_3D('',#944,#945,#946);
#949=CURVE_STYLE('',#33,POSITIVE_LENGTH_MEASURE(2.E-2),#3);
#950=PRESENTATION_STYLE_ASSIGNMENT((#949));
#951=STYLED_ITEM('',(#950),#948);
#952=CARTESIAN_POINT('',(-2.883998972012E0,-4.5E-1,-6.833998972012E0));
#953=DIRECTION('',(2.035585949528E-1,-9.576678948580E-1,2.035585949528E-1));
#954=DIRECTION('',(-9.781476007338E-1,-2.079116908178E-1,0.E0));
#955=AXIS2_PLACEMENT_3D('',#952,#953,#954);
#957=CURVE_STYLE('',#33,POSITIVE_LENGTH_MEASURE(2.E-2),#3);
#958=PRESENTATION_STYLE_ASSIGNMENT((#957));
#959=STYLED_ITEM('',(#958),#956);
#960=CARTESIAN_POINT('',(-2.883998972012E0,-4.5E-1,-6.833998972012E0));
#961=DIRECTION('',(0.E0,0.E0,-1.E0));
#962=DIRECTION('',(0.E0,-1.E0,0.E0));
#963=AXIS2_PLACEMENT_3D('',#960,#961,#962);
#965=CURVE_STYLE('',#33,POSITIVE_LENGTH_MEASURE(2.E-2),#3);
#966=PRESENTATION_STYLE_ASSIGNMENT((#965));
#967=STYLED_ITEM('',(#966),#964);
#968=DIRECTION('',(0.E0,1.E0,0.E0));
#969=VECTOR('',#968,1.5E-1);
#970=CARTESIAN_POINT('',(-1.6175E0,-5.5E-1,-2.9125E0));
#971=LINE('',#970,#969);
#972=CURVE_STYLE('',#33,POSITIVE_LENGTH_MEASURE(2.E-2),#3);
#973=PRESENTATION_STYLE_ASSIGNMENT((#972));
#974=STYLED_ITEM('',(#973),#971);
#975=DIRECTION('',(0.E0,1.E0,0.E0));
#976=VECTOR('',#975,1.5E-1);
#977=CARTESIAN_POINT('',(-4.E-1,-5.5E-1,2.9125E0));
#978=LINE('',#977,#976);
#979=CURVE_STYLE('',#33,POSITIVE_LENGTH_MEASURE(2.E-2),#3);
#980=PRESENTATION_STYLE_ASSIGNMENT((#979));
#981=STYLED_ITEM('',(#980),#978);
#982=DIRECTION('',(0.E0,1.E0,0.E0));
#983=VECTOR('',#982,1.5E-1);
#984=CARTESIAN_POINT('',(-1.6175E0,-5.5E-1,2.9125E0));
#985=LINE('',#984,#983);
#986=CURVE_STYLE('',#33,POSITIVE_LENGTH_MEASURE(2.E-2),#3);
#987=PRESENTATION_STYLE_ASSIGNMENT((#986));
#988=STYLED_ITEM('',(#987),#985);
#989=DIRECTION('',(0.E0,1.E0,0.E0));
#990=VECTOR('',#989,1.5E-1);
#991=CARTESIAN_POINT('',(4.E-1,-5.5E-1,2.9125E0));
#992=LINE('',#991,#990);
#993=CURVE_STYLE('',#33,POSITIVE_LENGTH_MEASURE(2.E-2),#3);
#994=PRESENTATION_STYLE_ASSIGNMENT((#993));
#995=STYLED_ITEM('',(#994),#992);
#996=DIRECTION('',(0.E0,1.E0,0.E0));
#997=VECTOR('',#996,1.5E-1);
#998=CARTESIAN_POINT('',(-3.E-1,-5.5E-1,3.0625E0));
#999=LINE('',#998,#997);
#1000=CURVE_STYLE('',#33,POSITIVE_LENGTH_MEASURE(2.E-2),#3);
#1001=PRESENTATION_STYLE_ASSIGNMENT((#1000));
#1002=STYLED_ITEM('',(#1001),#999);
#1003=DIRECTION('',(0.E0,1.E0,0.E0));
#1004=VECTOR('',#1003,1.5E-1);
#1005=CARTESIAN_POINT('',(-4.E-1,-5.5E-1,3.0625E0));
#1006=LINE('',#1005,#1004);
#1007=CURVE_STYLE('',#33,POSITIVE_LENGTH_MEASURE(2.E-2),#3);
#1008=PRESENTATION_STYLE_ASSIGNMENT((#1007));
#1009=STYLED_ITEM('',(#1008),#1006);
#1010=DIRECTION('',(0.E0,1.E0,0.E0));
#1011=VECTOR('',#1010,1.5E-1);
#1012=CARTESIAN_POINT('',(3.E-1,-5.5E-1,3.0625E0));
#1013=LINE('',#1012,#1011);
#1014=CURVE_STYLE('',#33,POSITIVE_LENGTH_MEASURE(2.E-2),#3);
#1015=PRESENTATION_STYLE_ASSIGNMENT((#1014));
#1016=STYLED_ITEM('',(#1015),#1013);
#1017=DIRECTION('',(0.E0,1.E0,0.E0));
#1018=VECTOR('',#1017,1.5E-1);
#1019=CARTESIAN_POINT('',(-3.E-1,-5.5E-1,3.2875E0));
#1020=LINE('',#1019,#1018);
#1021=CURVE_STYLE('',#33,POSITIVE_LENGTH_MEASURE(2.E-2),#3);
#1022=PRESENTATION_STYLE_ASSIGNMENT((#1021));
#1023=STYLED_ITEM('',(#1022),#1020);
#1024=DIRECTION('',(0.E0,1.E0,0.E0));
#1025=VECTOR('',#1024,1.5E-1);
#1026=CARTESIAN_POINT('',(3.E-1,-5.5E-1,3.2875E0));
#1027=LINE('',#1026,#1025);
#1028=CURVE_STYLE('',#33,POSITIVE_LENGTH_MEASURE(2.E-2),#3);
#1029=PRESENTATION_STYLE_ASSIGNMENT((#1028));
#1030=STYLED_ITEM('',(#1029),#1027);
#1031=DIRECTION('',(1.E0,0.E0,0.E0));
#1032=VECTOR('',#1031,1.E-1);
#1033=CARTESIAN_POINT('',(3.E-1,-4.E-1,3.0625E0));
#1034=LINE('',#1033,#1032);
#1035=CURVE_STYLE('',#33,POSITIVE_LENGTH_MEASURE(2.E-2),#3);
#1036=PRESENTATION_STYLE_ASSIGNMENT((#1035));
#1037=STYLED_ITEM('',(#1036),#1034);
#1038=DIRECTION('',(0.E0,0.E0,-1.E0));
#1039=VECTOR('',#1038,1.5E-1);
#1040=CARTESIAN_POINT('',(4.E-1,-4.E-1,3.0625E0));
#1041=LINE('',#1040,#1039);
#1042=CURVE_STYLE('',#33,POSITIVE_LENGTH_MEASURE(2.E-2),#3);
#1043=PRESENTATION_STYLE_ASSIGNMENT((#1042));
#1044=STYLED_ITEM('',(#1043),#1041);
#1045=DIRECTION('',(1.E0,0.E0,0.E0));
#1046=VECTOR('',#1045,1.2175E0);
#1047=CARTESIAN_POINT('',(4.E-1,-4.E-1,2.9125E0));
#1048=LINE('',#1047,#1046);
#1049=CURVE_STYLE('',#33,POSITIVE_LENGTH_MEASURE(2.E-2),#3);
#1050=PRESENTATION_STYLE_ASSIGNMENT((#1049));
#1051=STYLED_ITEM('',(#1050),#1048);
#1052=DIRECTION('',(0.E0,0.E0,-1.E0));
#1053=VECTOR('',#1052,5.825E0);
#1054=CARTESIAN_POINT('',(1.6175E0,-4.E-1,2.9125E0));
#1055=LINE('',#1054,#1053);
#1056=CURVE_STYLE('',#33,POSITIVE_LENGTH_MEASURE(2.E-2),#3);
#1057=PRESENTATION_STYLE_ASSIGNMENT((#1056));
#1058=STYLED_ITEM('',(#1057),#1055);
#1059=DIRECTION('',(-1.E0,0.E0,0.E0));
#1060=VECTOR('',#1059,1.2175E0);
#1061=CARTESIAN_POINT('',(1.6175E0,-4.E-1,-2.9125E0));
#1062=LINE('',#1061,#1060);
#1063=CURVE_STYLE('',#33,POSITIVE_LENGTH_MEASURE(2.E-2),#3);
#1064=PRESENTATION_STYLE_ASSIGNMENT((#1063));
#1065=STYLED_ITEM('',(#1064),#1062);
#1066=DIRECTION('',(0.E0,0.E0,-1.E0));
#1067=VECTOR('',#1066,1.5E-1);
#1068=CARTESIAN_POINT('',(4.E-1,-4.E-1,-2.9125E0));
#1069=LINE('',#1068,#1067);
#1070=CURVE_STYLE('',#33,POSITIVE_LENGTH_MEASURE(2.E-2),#3);
#1071=PRESENTATION_STYLE_ASSIGNMENT((#1070));
#1072=STYLED_ITEM('',(#1071),#1069);
#1073=DIRECTION('',(-1.E0,0.E0,0.E0));
#1074=VECTOR('',#1073,1.E-1);
#1075=CARTESIAN_POINT('',(4.E-1,-4.E-1,-3.0625E0));
#1076=LINE('',#1075,#1074);
#1077=CURVE_STYLE('',#33,POSITIVE_LENGTH_MEASURE(2.E-2),#3);
#1078=PRESENTATION_STYLE_ASSIGNMENT((#1077));
#1079=STYLED_ITEM('',(#1078),#1076);
#1080=DIRECTION('',(0.E0,0.E0,-1.E0));
#1081=VECTOR('',#1080,2.25E-1);
#1082=CARTESIAN_POINT('',(3.E-1,-4.E-1,-3.0625E0));
#1083=LINE('',#1082,#1081);
#1084=CURVE_STYLE('',#33,POSITIVE_LENGTH_MEASURE(2.E-2),#3);
#1085=PRESENTATION_STYLE_ASSIGNMENT((#1084));
#1086=STYLED_ITEM('',(#1085),#1083);
#1087=DIRECTION('',(-1.E0,0.E0,0.E0));
#1088=VECTOR('',#1087,6.E-1);
#1089=CARTESIAN_POINT('',(3.E-1,-4.E-1,-3.2875E0));
#1090=LINE('',#1089,#1088);
#1091=CURVE_STYLE('',#33,POSITIVE_LENGTH_MEASURE(2.E-2),#3);
#1092=PRESENTATION_STYLE_ASSIGNMENT((#1091));
#1093=STYLED_ITEM('',(#1092),#1090);
#1094=DIRECTION('',(0.E0,0.E0,1.E0));
#1095=VECTOR('',#1094,2.25E-1);
#1096=CARTESIAN_POINT('',(-3.E-1,-4.E-1,-3.2875E0));
#1097=LINE('',#1096,#1095);
#1098=CURVE_STYLE('',#33,POSITIVE_LENGTH_MEASURE(2.E-2),#3);
#1099=PRESENTATION_STYLE_ASSIGNMENT((#1098));
#1100=STYLED_ITEM('',(#1099),#1097);
#1101=DIRECTION('',(-1.E0,0.E0,0.E0));
#1102=VECTOR('',#1101,1.E-1);
#1103=CARTESIAN_POINT('',(-3.E-1,-4.E-1,-3.0625E0));
#1104=LINE('',#1103,#1102);
#1105=CURVE_STYLE('',#33,POSITIVE_LENGTH_MEASURE(2.E-2),#3);
#1106=PRESENTATION_STYLE_ASSIGNMENT((#1105));
#1107=STYLED_ITEM('',(#1106),#1104);
#1108=DIRECTION('',(0.E0,0.E0,1.E0));
#1109=VECTOR('',#1108,1.5E-1);
#1110=CARTESIAN_POINT('',(-4.E-1,-4.E-1,-3.0625E0));
#1111=LINE('',#1110,#1109);
#1112=CURVE_STYLE('',#33,POSITIVE_LENGTH_MEASURE(2.E-2),#3);
#1113=PRESENTATION_STYLE_ASSIGNMENT((#1112));
#1114=STYLED_ITEM('',(#1113),#1111);
#1115=DIRECTION('',(-1.E0,0.E0,0.E0));
#1116=VECTOR('',#1115,1.2175E0);
#1117=CARTESIAN_POINT('',(-4.E-1,-4.E-1,-2.9125E0));
#1118=LINE('',#1117,#1116);
#1119=CURVE_STYLE('',#33,POSITIVE_LENGTH_MEASURE(2.E-2),#3);
#1120=PRESENTATION_STYLE_ASSIGNMENT((#1119));
#1121=STYLED_ITEM('',(#1120),#1118);
#1122=DIRECTION('',(0.E0,0.E0,1.E0));
#1123=VECTOR('',#1122,5.825E0);
#1124=CARTESIAN_POINT('',(-1.6175E0,-4.E-1,-2.9125E0));
#1125=LINE('',#1124,#1123);
#1126=CURVE_STYLE('',#33,POSITIVE_LENGTH_MEASURE(2.E-2),#3);
#1127=PRESENTATION_STYLE_ASSIGNMENT((#1126));
#1128=STYLED_ITEM('',(#1127),#1125);
#1129=DIRECTION('',(1.E0,0.E0,0.E0));
#1130=VECTOR('',#1129,1.2175E0);
#1131=CARTESIAN_POINT('',(-1.6175E0,-4.E-1,2.9125E0));
#1132=LINE('',#1131,#1130);
#1133=CURVE_STYLE('',#33,POSITIVE_LENGTH_MEASURE(2.E-2),#3);
#1134=PRESENTATION_STYLE_ASSIGNMENT((#1133));
#1135=STYLED_ITEM('',(#1134),#1132);
#1136=DIRECTION('',(0.E0,0.E0,1.E0));
#1137=VECTOR('',#1136,1.5E-1);
#1138=CARTESIAN_POINT('',(-4.E-1,-4.E-1,2.9125E0));
#1139=LINE('',#1138,#1137);
#1140=CURVE_STYLE('',#33,POSITIVE_LENGTH_MEASURE(2.E-2),#3);
#1141=PRESENTATION_STYLE_ASSIGNMENT((#1140));
#1142=STYLED_ITEM('',(#1141),#1139);
#1143=DIRECTION('',(1.E0,0.E0,0.E0));
#1144=VECTOR('',#1143,1.E-1);
#1145=CARTESIAN_POINT('',(-4.E-1,-4.E-1,3.0625E0));
#1146=LINE('',#1145,#1144);
#1147=CURVE_STYLE('',#33,POSITIVE_LENGTH_MEASURE(2.E-2),#3);
#1148=PRESENTATION_STYLE_ASSIGNMENT((#1147));
#1149=STYLED_ITEM('',(#1148),#1146);
#1150=DIRECTION('',(0.E0,0.E0,-1.E0));
#1151=VECTOR('',#1150,2.25E-1);
#1152=CARTESIAN_POINT('',(-3.E-1,-4.E-1,3.2875E0));
#1153=LINE('',#1152,#1151);
#1154=CURVE_STYLE('',#33,POSITIVE_LENGTH_MEASURE(2.E-2),#3);
#1155=PRESENTATION_STYLE_ASSIGNMENT((#1154));
#1156=STYLED_ITEM('',(#1155),#1153);
#1157=DIRECTION('',(-1.E0,0.E0,0.E0));
#1158=VECTOR('',#1157,6.E-1);
#1159=CARTESIAN_POINT('',(3.E-1,-4.E-1,3.2875E0));
#1160=LINE('',#1159,#1158);
#1161=CURVE_STYLE('',#33,POSITIVE_LENGTH_MEASURE(2.E-2),#3);
#1162=PRESENTATION_STYLE_ASSIGNMENT((#1161));
#1163=STYLED_ITEM('',(#1162),#1160);
#1164=DIRECTION('',(0.E0,0.E0,1.E0));
#1165=VECTOR('',#1164,2.25E-1);
#1166=CARTESIAN_POINT('',(3.E-1,-4.E-1,3.0625E0));
#1167=LINE('',#1166,#1165);
#1168=CURVE_STYLE('',#33,POSITIVE_LENGTH_MEASURE(2.E-2),#3);
#1169=PRESENTATION_STYLE_ASSIGNMENT((#1168));
#1170=STYLED_ITEM('',(#1169),#1167);
#1171=DIRECTION('',(0.E0,1.E0,0.E0));
#1172=VECTOR('',#1171,1.5E-1);
#1173=CARTESIAN_POINT('',(4.E-1,-5.5E-1,3.0625E0));
#1174=LINE('',#1173,#1172);
#1175=CURVE_STYLE('',#33,POSITIVE_LENGTH_MEASURE(2.E-2),#3);
#1176=PRESENTATION_STYLE_ASSIGNMENT((#1175));
#1177=STYLED_ITEM('',(#1176),#1174);
#1178=DIRECTION('',(0.E0,1.E0,0.E0));
#1179=VECTOR('',#1178,1.5E-1);
#1180=CARTESIAN_POINT('',(1.6175E0,-5.5E-1,2.9125E0));
#1181=LINE('',#1180,#1179);
#1182=CURVE_STYLE('',#33,POSITIVE_LENGTH_MEASURE(2.E-2),#3);
#1183=PRESENTATION_STYLE_ASSIGNMENT((#1182));
#1184=STYLED_ITEM('',(#1183),#1181);
#1185=DIRECTION('',(0.E0,1.E0,0.E0));
#1186=VECTOR('',#1185,1.5E-1);
#1187=CARTESIAN_POINT('',(4.E-1,-5.5E-1,-2.9125E0));
#1188=LINE('',#1187,#1186);
#1189=CURVE_STYLE('',#33,POSITIVE_LENGTH_MEASURE(2.E-2),#3);
#1190=PRESENTATION_STYLE_ASSIGNMENT((#1189));
#1191=STYLED_ITEM('',(#1190),#1188);
#1192=DIRECTION('',(0.E0,1.E0,0.E0));
#1193=VECTOR('',#1192,1.5E-1);
#1194=CARTESIAN_POINT('',(1.6175E0,-5.5E-1,-2.9125E0));
#1195=LINE('',#1194,#1193);
#1196=CURVE_STYLE('',#33,POSITIVE_LENGTH_MEASURE(2.E-2),#3);
#1197=PRESENTATION_STYLE_ASSIGNMENT((#1196));
#1198=STYLED_ITEM('',(#1197),#1195);
#1199=DIRECTION('',(0.E0,1.E0,0.E0));
#1200=VECTOR('',#1199,1.5E-1);
#1201=CARTESIAN_POINT('',(-4.E-1,-5.5E-1,-2.9125E0));
#1202=LINE('',#1201,#1200);
#1203=CURVE_STYLE('',#33,POSITIVE_LENGTH_MEASURE(2.E-2),#3);
#1204=PRESENTATION_STYLE_ASSIGNMENT((#1203));
#1205=STYLED_ITEM('',(#1204),#1202);
#1206=DIRECTION('',(0.E0,1.E0,0.E0));
#1207=VECTOR('',#1206,1.5E-1);
#1208=CARTESIAN_POINT('',(3.E-1,-5.5E-1,-3.0625E0));
#1209=LINE('',#1208,#1207);
#1210=CURVE_STYLE('',#33,POSITIVE_LENGTH_MEASURE(2.E-2),#3);
#1211=PRESENTATION_STYLE_ASSIGNMENT((#1210));
#1212=STYLED_ITEM('',(#1211),#1209);
#1213=DIRECTION('',(0.E0,1.E0,0.E0));
#1214=VECTOR('',#1213,1.5E-1);
#1215=CARTESIAN_POINT('',(4.E-1,-5.5E-1,-3.0625E0));
#1216=LINE('',#1215,#1214);
#1217=CURVE_STYLE('',#33,POSITIVE_LENGTH_MEASURE(2.E-2),#3);
#1218=PRESENTATION_STYLE_ASSIGNMENT((#1217));
#1219=STYLED_ITEM('',(#1218),#1216);
#1220=DIRECTION('',(0.E0,1.E0,0.E0));
#1221=VECTOR('',#1220,1.5E-1);
#1222=CARTESIAN_POINT('',(-3.E-1,-5.5E-1,-3.0625E0));
#1223=LINE('',#1222,#1221);
#1224=CURVE_STYLE('',#33,POSITIVE_LENGTH_MEASURE(2.E-2),#3);
#1225=PRESENTATION_STYLE_ASSIGNMENT((#1224));
#1226=STYLED_ITEM('',(#1225),#1223);
#1227=DIRECTION('',(0.E0,1.E0,0.E0));
#1228=VECTOR('',#1227,1.5E-1);
#1229=CARTESIAN_POINT('',(3.E-1,-5.5E-1,-3.2875E0));
#1230=LINE('',#1229,#1228);
#1231=CURVE_STYLE('',#33,POSITIVE_LENGTH_MEASURE(2.E-2),#3);
#1232=PRESENTATION_STYLE_ASSIGNMENT((#1231));
#1233=STYLED_ITEM('',(#1232),#1230);
#1234=DIRECTION('',(0.E0,1.E0,0.E0));
#1235=VECTOR('',#1234,1.5E-1);
#1236=CARTESIAN_POINT('',(-3.E-1,-5.5E-1,-3.2875E0));
#1237=LINE('',#1236,#1235);
#1238=CURVE_STYLE('',#33,POSITIVE_LENGTH_MEASURE(2.E-2),#3);
#1239=PRESENTATION_STYLE_ASSIGNMENT((#1238));
#1240=STYLED_ITEM('',(#1239),#1237);
#1241=DIRECTION('',(0.E0,1.E0,0.E0));
#1242=VECTOR('',#1241,1.5E-1);
#1243=CARTESIAN_POINT('',(-4.E-1,-5.5E-1,-3.0625E0));
#1244=LINE('',#1243,#1242);
#1245=CURVE_STYLE('',#33,POSITIVE_LENGTH_MEASURE(2.E-2),#3);
#1246=PRESENTATION_STYLE_ASSIGNMENT((#1245));
#1247=STYLED_ITEM('',(#1246),#1244);
#1248=CARTESIAN_POINT('',(-1.85E0,4.E-1,-6.2E0));
#1249=CARTESIAN_POINT('',(-2.65E0,4.E-1,-6.2E0));
#1250=VERTEX_POINT('',#1248);
#1251=VERTEX_POINT('',#1249);
#1252=CARTESIAN_POINT('',(-1.85E0,4.5E-1,-6.2E0));
#1253=CARTESIAN_POINT('',(-2.65E0,4.5E-1,-6.2E0));
#1254=VERTEX_POINT('',#1252);
#1255=VERTEX_POINT('',#1253);
#1256=CARTESIAN_POINT('',(-2.981813732086E0,-4.707911690818E-1,
6.833998972012E0));
#1257=CARTESIAN_POINT('',(-2.981813732086E0,-4.707911690818E-1,
-6.833998972012E0));
#1258=VERTEX_POINT('',#1256);
#1259=VERTEX_POINT('',#1257);
#1260=CARTESIAN_POINT('',(-2.883998972012E0,-5.5E-1,6.833998972012E0));
#1261=CARTESIAN_POINT('',(-2.883998972012E0,-5.5E-1,-6.833998972012E0));
#1262=VERTEX_POINT('',#1260);
#1263=VERTEX_POINT('',#1261);
#1264=CARTESIAN_POINT('',(-2.971185904002E0,3.707911690818E-1,
-6.823371143929E0));
#1265=CARTESIAN_POINT('',(-2.971185904002E0,3.707911690818E-1,
6.823371143929E0));
#1266=VERTEX_POINT('',#1264);
#1267=VERTEX_POINT('',#1265);
#1268=CARTESIAN_POINT('',(-2.873371143929E0,4.5E-1,-6.823371143929E0));
#1269=CARTESIAN_POINT('',(-2.873371143929E0,4.5E-1,6.823371143929E0));
#1270=VERTEX_POINT('',#1268);
#1271=VERTEX_POINT('',#1269);
#1272=CARTESIAN_POINT('',(2.971185904002E0,3.707911690818E-1,6.823371143929E0));
#1273=CARTESIAN_POINT('',(2.971185904002E0,3.707911690818E-1,
-6.823371143929E0));
#1274=VERTEX_POINT('',#1272);
#1275=VERTEX_POINT('',#1273);
#1276=CARTESIAN_POINT('',(2.873371143929E0,4.5E-1,6.823371143929E0));
#1277=CARTESIAN_POINT('',(2.873371143929E0,4.5E-1,-6.823371143929E0));
#1278=VERTEX_POINT('',#1276);
#1279=VERTEX_POINT('',#1277);
#1280=CARTESIAN_POINT('',(3.049976628885E0,-1.501099524506E-1,
-6.902161868812E0));
#1281=CARTESIAN_POINT('',(2.981813732086E0,-4.707911690818E-1,
-6.833998972012E0));
#1282=VERTEX_POINT('',#1280);
#1283=VERTEX_POINT('',#1281);
#1284=CARTESIAN_POINT('',(2.952161868812E0,-1.501099524506E-1,
-6.999976628885E0));
#1285=CARTESIAN_POINT('',(2.883998972012E0,-4.707911690818E-1,
-6.931813732086E0));
#1286=VERTEX_POINT('',#1284);
#1287=VERTEX_POINT('',#1285);
#1288=CARTESIAN_POINT('',(2.95E0,0.E0,-7.E0));
#1289=CARTESIAN_POINT('',(2.95E0,-1.5E-1,-7.E0));
#1290=VERTEX_POINT('',#1288);
#1291=VERTEX_POINT('',#1289);
#1292=VERTEX_POINT('',#304);
#1293=CARTESIAN_POINT('',(3.05E0,0.E0,-6.9E0));
#1294=VERTEX_POINT('',#1293);
#1295=VERTEX_POINT('',#553);
#1296=VERTEX_POINT('',#492);
#1297=CARTESIAN_POINT('',(2.873371143929E0,3.707911690818E-1,
-6.921185904002E0));
#1298=VERTEX_POINT('',#1297);
#1299=CARTESIAN_POINT('',(-2.873371143929E0,3.707911690818E-1,
-6.921185904002E0));
#1300=VERTEX_POINT('',#1299);
#1301=CARTESIAN_POINT('',(-3.049976628885E0,1.099524505768E-4,
-6.902161868812E0));
#1302=VERTEX_POINT('',#1301);
#1303=CARTESIAN_POINT('',(-2.952161868812E0,1.099524505734E-4,
-6.999976628885E0));
#1304=VERTEX_POINT('',#1303);
#1305=CARTESIAN_POINT('',(-3.05E0,0.E0,-6.9E0));
#1306=CARTESIAN_POINT('',(-3.05E0,-1.5E-1,-6.9E0));
#1307=VERTEX_POINT('',#1305);
#1308=VERTEX_POINT('',#1306);
#1309=VERTEX_POINT('',#215);
#1310=VERTEX_POINT('',#250);
#1311=VERTEX_POINT('',#253);
#1312=CARTESIAN_POINT('',(-2.95E0,0.E0,-7.E0));
#1313=VERTEX_POINT('',#1312);
#1314=CARTESIAN_POINT('',(-2.883998972012E0,-4.707911690818E-1,
-6.931813732086E0));
#1315=VERTEX_POINT('',#1314);
#1316=CARTESIAN_POINT('',(2.883998972012E0,-5.5E-1,-6.833998972012E0));
#1317=VERTEX_POINT('',#1316);
#1318=CARTESIAN_POINT('',(2.883998972012E0,-5.5E-1,6.833998972012E0));
#1319=VERTEX_POINT('',#1318);
#1320=CARTESIAN_POINT('',(2.981813732086E0,-4.707911690818E-1,
6.833998972012E0));
#1321=VERTEX_POINT('',#1320);
#1322=CARTESIAN_POINT('',(2.952161868812E0,-1.501099524506E-1,
6.999976628885E0));
#1323=CARTESIAN_POINT('',(2.883998972012E0,-4.707911690818E-1,
6.931813732086E0));
#1324=VERTEX_POINT('',#1322);
#1325=VERTEX_POINT('',#1323);
#1326=CARTESIAN_POINT('',(3.049976628885E0,-1.501099524506E-1,
6.902161868812E0));
#1327=VERTEX_POINT('',#1326);
#1328=CARTESIAN_POINT('',(3.05E0,0.E0,6.9E0));
#1329=CARTESIAN_POINT('',(3.05E0,-1.5E-1,6.9E0));
#1330=VERTEX_POINT('',#1328);
#1331=VERTEX_POINT('',#1329);
#1332=VERTEX_POINT('',#915);
#1333=CARTESIAN_POINT('',(2.95E0,0.E0,7.E0));
#1334=VERTEX_POINT('',#1333);
#1335=VERTEX_POINT('',#607);
#1336=VERTEX_POINT('',#565);
#1337=CARTESIAN_POINT('',(2.873371143929E0,3.707911690818E-1,6.921185904002E0));
#1338=VERTEX_POINT('',#1337);
#1339=CARTESIAN_POINT('',(-2.873371143929E0,3.707911690818E-1,
6.921185904002E0));
#1340=VERTEX_POINT('',#1339);
#1341=CARTESIAN_POINT('',(-2.952161868812E0,1.099524505728E-4,
6.999976628885E0));
#1342=VERTEX_POINT('',#1341);
#1343=CARTESIAN_POINT('',(-3.049976628885E0,1.099524505765E-4,
6.902161868812E0));
#1344=VERTEX_POINT('',#1343);
#1345=CARTESIAN_POINT('',(-2.95E0,0.E0,7.E0));
#1346=CARTESIAN_POINT('',(-2.95E0,-1.5E-1,7.E0));
#1347=VERTEX_POINT('',#1345);
#1348=VERTEX_POINT('',#1346);
#1349=VERTEX_POINT('',#907);
#1350=VERTEX_POINT('',#220);
#1351=VERTEX_POINT('',#223);
#1352=CARTESIAN_POINT('',(-3.05E0,0.E0,6.9E0));
#1353=VERTEX_POINT('',#1352);
#1354=CARTESIAN_POINT('',(-2.883998972012E0,-4.707911690818E-1,
6.931813732086E0));
#1355=VERTEX_POINT('',#1354);
#1356=CARTESIAN_POINT('',(-1.6175E0,-4.E-1,-2.9125E0));
#1357=CARTESIAN_POINT('',(-1.6175E0,-4.E-1,2.9125E0));
#1358=VERTEX_POINT('',#1356);
#1359=VERTEX_POINT('',#1357);
#1360=CARTESIAN_POINT('',(1.6175E0,-4.E-1,2.9125E0));
#1361=CARTESIAN_POINT('',(1.6175E0,-4.E-1,-2.9125E0));
#1362=VERTEX_POINT('',#1360);
#1363=VERTEX_POINT('',#1361);
#1364=CARTESIAN_POINT('',(-4.E-1,-4.E-1,2.9125E0));
#1365=VERTEX_POINT('',#1364);
#1366=CARTESIAN_POINT('',(4.E-1,-4.E-1,2.9125E0));
#1367=VERTEX_POINT('',#1366);
#1368=CARTESIAN_POINT('',(4.E-1,-4.E-1,-2.9125E0));
#1369=VERTEX_POINT('',#1368);
#1370=CARTESIAN_POINT('',(-4.E-1,-4.E-1,-2.9125E0));
#1371=VERTEX_POINT('',#1370);
#1372=CARTESIAN_POINT('',(4.E-1,-4.E-1,-3.0625E0));
#1373=VERTEX_POINT('',#1372);
#1374=CARTESIAN_POINT('',(-4.E-1,-4.E-1,-3.0625E0));
#1375=VERTEX_POINT('',#1374);
#1376=CARTESIAN_POINT('',(-4.E-1,-4.E-1,3.0625E0));
#1377=VERTEX_POINT('',#1376);
#1378=CARTESIAN_POINT('',(4.E-1,-4.E-1,3.0625E0));
#1379=VERTEX_POINT('',#1378);
#1380=CARTESIAN_POINT('',(-1.6175E0,-5.5E-1,-2.9125E0));
#1381=CARTESIAN_POINT('',(-1.6175E0,-5.5E-1,2.9125E0));
#1382=VERTEX_POINT('',#1380);
#1383=VERTEX_POINT('',#1381);
#1384=CARTESIAN_POINT('',(-4.E-1,-5.5E-1,2.9125E0));
#1385=VERTEX_POINT('',#1384);
#1386=CARTESIAN_POINT('',(4.E-1,-5.5E-1,2.9125E0));
#1387=CARTESIAN_POINT('',(1.6175E0,-5.5E-1,2.9125E0));
#1388=VERTEX_POINT('',#1386);
#1389=VERTEX_POINT('',#1387);
#1390=CARTESIAN_POINT('',(1.6175E0,-5.5E-1,-2.9125E0));
#1391=VERTEX_POINT('',#1390);
#1392=CARTESIAN_POINT('',(4.E-1,-5.5E-1,-2.9125E0));
#1393=VERTEX_POINT('',#1392);
#1394=CARTESIAN_POINT('',(-4.E-1,-5.5E-1,-2.9125E0));
#1395=VERTEX_POINT('',#1394);
#1396=CARTESIAN_POINT('',(4.E-1,-5.5E-1,-3.0625E0));
#1397=VERTEX_POINT('',#1396);
#1398=CARTESIAN_POINT('',(3.E-1,-5.5E-1,-3.0625E0));
#1399=VERTEX_POINT('',#1398);
#1400=CARTESIAN_POINT('',(-4.E-1,-5.5E-1,-3.0625E0));
#1401=VERTEX_POINT('',#1400);
#1402=CARTESIAN_POINT('',(-4.E-1,-5.5E-1,3.0625E0));
#1403=VERTEX_POINT('',#1402);
#1404=CARTESIAN_POINT('',(-3.E-1,-5.5E-1,3.0625E0));
#1405=VERTEX_POINT('',#1404);
#1406=CARTESIAN_POINT('',(4.E-1,-5.5E-1,3.0625E0));
#1407=VERTEX_POINT('',#1406);
#1408=CARTESIAN_POINT('',(3.E-1,-4.E-1,-3.2875E0));
#1409=CARTESIAN_POINT('',(-3.E-1,-4.E-1,-3.2875E0));
#1410=VERTEX_POINT('',#1408);
#1411=VERTEX_POINT('',#1409);
#1412=CARTESIAN_POINT('',(3.E-1,-4.E-1,-3.0625E0));
#1413=VERTEX_POINT('',#1412);
#1414=CARTESIAN_POINT('',(-3.E-1,-4.E-1,-3.0625E0));
#1415=VERTEX_POINT('',#1414);
#1416=CARTESIAN_POINT('',(3.E-1,-4.E-1,3.2875E0));
#1417=CARTESIAN_POINT('',(-3.E-1,-4.E-1,3.2875E0));
#1418=VERTEX_POINT('',#1416);
#1419=VERTEX_POINT('',#1417);
#1420=CARTESIAN_POINT('',(3.E-1,-4.E-1,3.0625E0));
#1421=VERTEX_POINT('',#1420);
#1422=CARTESIAN_POINT('',(-3.E-1,-4.E-1,3.0625E0));
#1423=VERTEX_POINT('',#1422);
#1424=CARTESIAN_POINT('',(-3.E-1,-5.5E-1,-3.0625E0));
#1425=VERTEX_POINT('',#1424);
#1426=CARTESIAN_POINT('',(3.E-1,-5.5E-1,3.0625E0));
#1427=VERTEX_POINT('',#1426);
#1428=CARTESIAN_POINT('',(3.E-1,-5.5E-1,-3.2875E0));
#1429=VERTEX_POINT('',#1428);
#1430=CARTESIAN_POINT('',(-3.E-1,-5.5E-1,-3.2875E0));
#1431=VERTEX_POINT('',#1430);
#1432=CARTESIAN_POINT('',(3.E-1,-5.5E-1,3.2875E0));
#1433=VERTEX_POINT('',#1432);
#1434=CARTESIAN_POINT('',(-3.E-1,-5.5E-1,3.2875E0));
#1435=VERTEX_POINT('',#1434);
#1436=CARTESIAN_POINT('',(0.E0,-5.5E-1,0.E0));
#1437=DIRECTION('',(0.E0,1.E0,0.E0));
#1438=DIRECTION('',(1.E0,0.E0,0.E0));
#1439=AXIS2_PLACEMENT_3D('',#1436,#1437,#1438);
#1440=PLANE('',#1439);
#1442=ORIENTED_EDGE('',*,*,#1441,.F.);
#1444=ORIENTED_EDGE('',*,*,#1443,.F.);
#1446=ORIENTED_EDGE('',*,*,#1445,.F.);
#1448=ORIENTED_EDGE('',*,*,#1447,.F.);
#1449=EDGE_LOOP('',(#1442,#1444,#1446,#1448));
#1450=FACE_OUTER_BOUND('',#1449,.F.);
#1452=ORIENTED_EDGE('',*,*,#1451,.F.);
#1454=ORIENTED_EDGE('',*,*,#1453,.F.);
#1456=ORIENTED_EDGE('',*,*,#1455,.F.);
#1458=ORIENTED_EDGE('',*,*,#1457,.F.);
#1460=ORIENTED_EDGE('',*,*,#1459,.F.);
#1462=ORIENTED_EDGE('',*,*,#1461,.F.);
#1464=ORIENTED_EDGE('',*,*,#1463,.F.);
#1466=ORIENTED_EDGE('',*,*,#1465,.F.);
#1468=ORIENTED_EDGE('',*,*,#1467,.F.);
#1470=ORIENTED_EDGE('',*,*,#1469,.F.);
#1472=ORIENTED_EDGE('',*,*,#1471,.F.);
#1474=ORIENTED_EDGE('',*,*,#1473,.F.);
#1476=ORIENTED_EDGE('',*,*,#1475,.F.);
#1478=ORIENTED_EDGE('',*,*,#1477,.F.);
#1480=ORIENTED_EDGE('',*,*,#1479,.T.);
#1482=ORIENTED_EDGE('',*,*,#1481,.T.);
#1484=ORIENTED_EDGE('',*,*,#1483,.T.);
#1486=ORIENTED_EDGE('',*,*,#1485,.F.);
#1488=ORIENTED_EDGE('',*,*,#1487,.F.);
#1490=ORIENTED_EDGE('',*,*,#1489,.F.);
#1491=EDGE_LOOP('',(#1452,#1454,#1456,#1458,#1460,#1462,#1464,#1466,#1468,#1470,
#1472,#1474,#1476,#1478,#1480,#1482,#1484,#1486,#1488,#1490));
#1492=FACE_BOUND('',#1491,.F.);
#1493=ADVANCED_FACE('',(#1450,#1492),#1440,.F.);
#1494=CARTESIAN_POINT('',(-2.883998972012E0,-4.5E-1,2.52504E1));
#1495=DIRECTION('',(0.E0,0.E0,-1.E0));
#1496=DIRECTION('',(0.E0,-1.E0,0.E0));
#1497=AXIS2_PLACEMENT_3D('',#1494,#1495,#1496);
#1498=CYLINDRICAL_SURFACE('',#1497,1.E-1);
#1500=ORIENTED_EDGE('',*,*,#1499,.F.);
#1502=ORIENTED_EDGE('',*,*,#1501,.T.);
#1503=ORIENTED_EDGE('',*,*,#1441,.T.);
#1505=ORIENTED_EDGE('',*,*,#1504,.T.);
#1506=EDGE_LOOP('',(#1500,#1502,#1503,#1505));
#1507=FACE_OUTER_BOUND('',#1506,.F.);
#1508=ADVANCED_FACE('',(#1507),#1498,.T.);
#1509=CARTESIAN_POINT('',(-3.05E0,-1.5E-1,-7.E0));
#1510=DIRECTION('',(-9.781476007338E-1,-2.079116908178E-1,0.E0));
#1511=DIRECTION('',(0.E0,0.E0,1.E0));
#1512=AXIS2_PLACEMENT_3D('',#1509,#1510,#1511);
#1513=PLANE('',#1512);
#1514=ORIENTED_EDGE('',*,*,#1499,.T.);
#1516=ORIENTED_EDGE('',*,*,#1515,.F.);
#1518=ORIENTED_EDGE('',*,*,#1517,.F.);
#1520=ORIENTED_EDGE('',*,*,#1519,.T.);
#1522=ORIENTED_EDGE('',*,*,#1521,.F.);
#1524=ORIENTED_EDGE('',*,*,#1523,.T.);
#1525=EDGE_LOOP('',(#1514,#1516,#1518,#1520,#1522,#1524));
#1526=FACE_OUTER_BOUND('',#1525,.F.);
#1527=ADVANCED_FACE('',(#1526),#1513,.T.);
#1528=CARTESIAN_POINT('',(-3.352388611309E0,1.7536E0,-7.302388611309E0));
#1529=DIRECTION('',(2.035585949528E-1,-9.576678948580E-1,2.035585949528E-1));
#1530=DIRECTION('',(-9.781476007338E-1,-2.079116908178E-1,0.E0));
#1531=AXIS2_PLACEMENT_3D('',#1528,#1529,#1530);
#1532=CYLINDRICAL_SURFACE('',#1531,1.E-1);
#1534=ORIENTED_EDGE('',*,*,#1533,.F.);
#1536=ORIENTED_EDGE('',*,*,#1535,.F.);
#1537=ORIENTED_EDGE('',*,*,#1515,.T.);
#1539=ORIENTED_EDGE('',*,*,#1538,.T.);
#1540=EDGE_LOOP('',(#1534,#1536,#1537,#1539));
#1541=FACE_OUTER_BOUND('',#1540,.F.);
#1542=ADVANCED_FACE('',(#1541),#1532,.T.);
#1543=CARTESIAN_POINT('',(3.05E0,-1.5E-1,-7.E0));
#1544=DIRECTION('',(0.E0,-2.079116908178E-1,-9.781476007338E-1));
#1545=DIRECTION('',(-1.E0,0.E0,0.E0));
#1546=AXIS2_PLACEMENT_3D('',#1543,#1544,#1545);
#1547=PLANE('',#1546);
#1549=ORIENTED_EDGE('',*,*,#1548,.F.);
#1551=ORIENTED_EDGE('',*,*,#1550,.F.);
#1553=ORIENTED_EDGE('',*,*,#1552,.T.);
#1555=ORIENTED_EDGE('',*,*,#1554,.F.);
#1556=ORIENTED_EDGE('',*,*,#1533,.T.);
#1558=ORIENTED_EDGE('',*,*,#1557,.T.);
#1559=EDGE_LOOP('',(#1549,#1551,#1553,#1555,#1556,#1558));
#1560=FACE_OUTER_BOUND('',#1559,.F.);
#1561=ADVANCED_FACE('',(#1560),#1547,.T.);
#1562=CARTESIAN_POINT('',(3.352388611309E0,1.7536E0,-7.302388611309E0));
#1563=DIRECTION('',(-2.035585949528E-1,-9.576678948580E-1,2.035585949528E-1));
#1564=DIRECTION('',(0.E0,-2.079116908178E-1,-9.781476007338E-1));
#1565=AXIS2_PLACEMENT_3D('',#1562,#1563,#1564);
#1566=CYLINDRICAL_SURFACE('',#1565,1.E-1);
#1568=ORIENTED_EDGE('',*,*,#1567,.F.);
#1570=ORIENTED_EDGE('',*,*,#1569,.F.);
#1571=ORIENTED_EDGE('',*,*,#1548,.T.);
#1573=ORIENTED_EDGE('',*,*,#1572,.T.);
#1574=EDGE_LOOP('',(#1568,#1570,#1571,#1573));
#1575=FACE_OUTER_BOUND('',#1574,.F.);
#1576=ADVANCED_FACE('',(#1575),#1566,.T.);
#1577=CARTESIAN_POINT('',(3.05E0,-1.5E-1,7.E0));
#1578=DIRECTION('',(9.781476007338E-1,-2.079116908178E-1,0.E0));
#1579=DIRECTION('',(0.E0,0.E0,-1.E0));
#1580=AXIS2_PLACEMENT_3D('',#1577,#1578,#1579);
#1581=PLANE('',#1580);
#1582=ORIENTED_EDGE('',*,*,#1567,.T.);
#1584=ORIENTED_EDGE('',*,*,#1583,.T.);
#1586=ORIENTED_EDGE('',*,*,#1585,.F.);
#1588=ORIENTED_EDGE('',*,*,#1587,.F.);
#1590=ORIENTED_EDGE('',*,*,#1589,.T.);
#1592=ORIENTED_EDGE('',*,*,#1591,.F.);
#1593=EDGE_LOOP('',(#1582,#1584,#1586,#1588,#1590,#1592));
#1594=FACE_OUTER_BOUND('',#1593,.F.);
#1595=ADVANCED_FACE('',(#1594),#1581,.T.);
#1596=CARTESIAN_POINT('',(2.883998972012E0,-4.5E-1,-2.52504E1));
#1597=DIRECTION('',(0.E0,0.E0,1.E0));
#1598=DIRECTION('',(0.E0,-1.E0,0.E0));
#1599=AXIS2_PLACEMENT_3D('',#1596,#1597,#1598);
#1600=CYLINDRICAL_SURFACE('',#1599,1.E-1);
#1601=ORIENTED_EDGE('',*,*,#1445,.T.);
#1603=ORIENTED_EDGE('',*,*,#1602,.T.);
#1604=ORIENTED_EDGE('',*,*,#1583,.F.);
#1606=ORIENTED_EDGE('',*,*,#1605,.T.);
#1607=EDGE_LOOP('',(#1601,#1603,#1604,#1606));
#1608=FACE_OUTER_BOUND('',#1607,.F.);
#1609=ADVANCED_FACE('',(#1608),#1600,.T.);
#1610=CARTESIAN_POINT('',(2.883998972012E0,-4.5E-1,6.833998972012E0));
#1611=DIRECTION('',(7.071067811865E-1,0.E0,-7.071067811865E-1));
#1612=DIRECTION('',(6.771734625787E-1,-2.878753257198E-1,6.771734625787E-1));
#1613=AXIS2_PLACEMENT_3D('',#1610,#1611,#1612);
#1614=SPHERICAL_SURFACE('',#1613,1.E-1);
#1616=ORIENTED_EDGE('',*,*,#1615,.F.);
#1618=ORIENTED_EDGE('',*,*,#1617,.F.);
#1619=ORIENTED_EDGE('',*,*,#1602,.F.);
#1620=EDGE_LOOP('',(#1616,#1618,#1619));
#1621=FACE_OUTER_BOUND('',#1620,.F.);
#1622=ADVANCED_FACE('',(#1621),#1614,.T.);
#1623=CARTESIAN_POINT('',(1.100196E1,-4.5E-1,6.833998972012E0));
#1624=DIRECTION('',(-1.E0,0.E0,0.E0));
#1625=DIRECTION('',(0.E0,-1.E0,0.E0));
#1626=AXIS2_PLACEMENT_3D('',#1623,#1624,#1625);
#1627=CYLINDRICAL_SURFACE('',#1626,1.E-1);
#1628=ORIENTED_EDGE('',*,*,#1443,.T.);
#1630=ORIENTED_EDGE('',*,*,#1629,.T.);
#1632=ORIENTED_EDGE('',*,*,#1631,.F.);
#1633=ORIENTED_EDGE('',*,*,#1615,.T.);
#1634=EDGE_LOOP('',(#1628,#1630,#1632,#1633));
#1635=FACE_OUTER_BOUND('',#1634,.F.);
#1636=ADVANCED_FACE('',(#1635),#1627,.T.);
#1637=CARTESIAN_POINT('',(-2.883998972012E0,-4.5E-1,6.833998972012E0));
#1638=DIRECTION('',(7.071067811866E-1,0.E0,7.071067811865E-1));
#1639=DIRECTION('',(-6.771734625787E-1,-2.878753257198E-1,6.771734625787E-1));
#1640=AXIS2_PLACEMENT_3D('',#1637,#1638,#1639);
#1641=SPHERICAL_SURFACE('',#1640,1.E-1);
#1642=ORIENTED_EDGE('',*,*,#1629,.F.);
#1643=ORIENTED_EDGE('',*,*,#1501,.F.);
#1645=ORIENTED_EDGE('',*,*,#1644,.F.);
#1646=EDGE_LOOP('',(#1642,#1643,#1645));
#1647=FACE_OUTER_BOUND('',#1646,.F.);
#1648=ADVANCED_FACE('',(#1647),#1641,.T.);
#1649=CARTESIAN_POINT('',(-3.352388611309E0,1.7536E0,7.302388611309E0));
#1650=DIRECTION('',(2.035585949528E-1,-9.576678948580E-1,-2.035585949528E-1));
#1651=DIRECTION('',(0.E0,-2.079116908178E-1,9.781476007338E-1));
#1652=AXIS2_PLACEMENT_3D('',#1649,#1650,#1651);
#1653=CYLINDRICAL_SURFACE('',#1652,1.E-1);
#1654=ORIENTED_EDGE('',*,*,#1523,.F.);
#1656=ORIENTED_EDGE('',*,*,#1655,.F.);
#1658=ORIENTED_EDGE('',*,*,#1657,.T.);
#1659=ORIENTED_EDGE('',*,*,#1644,.T.);
#1660=EDGE_LOOP('',(#1654,#1656,#1658,#1659));
#1661=FACE_OUTER_BOUND('',#1660,.F.);
#1662=ADVANCED_FACE('',(#1661),#1653,.T.);
#1663=CARTESIAN_POINT('',(-2.95E0,1.7536E0,6.9E0));
#1664=DIRECTION('',(0.E0,-1.E0,0.E0));
#1665=DIRECTION('',(0.E0,0.E0,1.E0));
#1666=AXIS2_PLACEMENT_3D('',#1663,#1664,#1665);
#1667=CYLINDRICAL_SURFACE('',#1666,1.E-1);
#1669=ORIENTED_EDGE('',*,*,#1668,.T.);
#1671=ORIENTED_EDGE('',*,*,#1670,.T.);
#1672=ORIENTED_EDGE('',*,*,#1655,.T.);
#1673=ORIENTED_EDGE('',*,*,#1521,.T.);
#1675=ORIENTED_EDGE('',*,*,#1674,.F.);
#1677=ORIENTED_EDGE('',*,*,#1676,.T.);
#1679=ORIENTED_EDGE('',*,*,#1678,.T.);
#1681=ORIENTED_EDGE('',*,*,#1680,.T.);
#1682=EDGE_LOOP('',(#1669,#1671,#1672,#1673,#1675,#1677,#1679,#1681));
#1683=FACE_OUTER_BOUND('',#1682,.F.);
#1684=ADVANCED_FACE('',(#1683),#1667,.T.);
#1685=CARTESIAN_POINT('',(-3.05E0,-5.5E-1,7.E0));
#1686=DIRECTION('',(0.E0,0.E0,1.E0));
#1687=DIRECTION('',(1.E0,0.E0,0.E0));
#1688=AXIS2_PLACEMENT_3D('',#1685,#1686,#1687);
#1689=PLANE('',#1688);
#1691=ORIENTED_EDGE('',*,*,#1690,.T.);
#1693=ORIENTED_EDGE('',*,*,#1692,.F.);
#1694=ORIENTED_EDGE('',*,*,#1668,.F.);
#1696=ORIENTED_EDGE('',*,*,#1695,.T.);
#1697=EDGE_LOOP('',(#1691,#1693,#1694,#1696));
#1698=FACE_OUTER_BOUND('',#1697,.F.);
#1699=ADVANCED_FACE('',(#1698),#1689,.T.);
#1700=CARTESIAN_POINT('',(2.95E0,1.7536E0,6.9E0));
#1701=DIRECTION('',(0.E0,-1.E0,0.E0));
#1702=DIRECTION('',(1.E0,0.E0,0.E0));
#1703=AXIS2_PLACEMENT_3D('',#1700,#1701,#1702);
#1704=CYLINDRICAL_SURFACE('',#1703,1.E-1);
#1706=ORIENTED_EDGE('',*,*,#1705,.T.);
#1707=ORIENTED_EDGE('',*,*,#1587,.T.);
#1709=ORIENTED_EDGE('',*,*,#1708,.T.);
#1711=ORIENTED_EDGE('',*,*,#1710,.T.);
#1712=ORIENTED_EDGE('',*,*,#1690,.F.);
#1714=ORIENTED_EDGE('',*,*,#1713,.T.);
#1716=ORIENTED_EDGE('',*,*,#1715,.T.);
#1718=ORIENTED_EDGE('',*,*,#1717,.T.);
#1719=EDGE_LOOP('',(#1706,#1707,#1709,#1711,#1712,#1714,#1716,#1718));
#1720=FACE_OUTER_BOUND('',#1719,.F.);
#1721=ADVANCED_FACE('',(#1720),#1704,.T.);
#1722=CARTESIAN_POINT('',(3.05E0,-5.5E-1,7.E0));
#1723=DIRECTION('',(1.E0,0.E0,0.E0));
#1724=DIRECTION('',(0.E0,0.E0,-1.E0));
#1725=AXIS2_PLACEMENT_3D('',#1722,#1723,#1724);
#1726=PLANE('',#1725);
#1728=ORIENTED_EDGE('',*,*,#1727,.T.);
#1729=ORIENTED_EDGE('',*,*,#1589,.F.);
#1730=ORIENTED_EDGE('',*,*,#1705,.F.);
#1732=ORIENTED_EDGE('',*,*,#1731,.T.);
#1733=EDGE_LOOP('',(#1728,#1729,#1730,#1732));
#1734=FACE_OUTER_BOUND('',#1733,.F.);
#1735=ADVANCED_FACE('',(#1734),#1726,.T.);
#1736=CARTESIAN_POINT('',(2.95E0,1.7536E0,-6.9E0));
#1737=DIRECTION('',(0.E0,-1.E0,0.E0));
#1738=DIRECTION('',(0.E0,0.E0,-1.E0));
#1739=AXIS2_PLACEMENT_3D('',#1736,#1737,#1738);
#1740=CYLINDRICAL_SURFACE('',#1739,1.E-1);
#1742=ORIENTED_EDGE('',*,*,#1741,.T.);
#1743=ORIENTED_EDGE('',*,*,#1550,.T.);
#1744=ORIENTED_EDGE('',*,*,#1569,.T.);
#1745=ORIENTED_EDGE('',*,*,#1591,.T.);
#1746=ORIENTED_EDGE('',*,*,#1727,.F.);
#1748=ORIENTED_EDGE('',*,*,#1747,.T.);
#1750=ORIENTED_EDGE('',*,*,#1749,.T.);
#1752=ORIENTED_EDGE('',*,*,#1751,.T.);
#1753=EDGE_LOOP('',(#1742,#1743,#1744,#1745,#1746,#1748,#1750,#1752));
#1754=FACE_OUTER_BOUND('',#1753,.F.);
#1755=ADVANCED_FACE('',(#1754),#1740,.T.);
#1756=CARTESIAN_POINT('',(3.05E0,-5.5E-1,-7.E0));
#1757=DIRECTION('',(0.E0,0.E0,-1.E0));
#1758=DIRECTION('',(-1.E0,0.E0,0.E0));
#1759=AXIS2_PLACEMENT_3D('',#1756,#1757,#1758);
#1760=PLANE('',#1759);
#1761=ORIENTED_EDGE('',*,*,#1741,.F.);
#1763=ORIENTED_EDGE('',*,*,#1762,.T.);
#1765=ORIENTED_EDGE('',*,*,#1764,.T.);
#1766=ORIENTED_EDGE('',*,*,#1552,.F.);
#1767=EDGE_LOOP('',(#1761,#1763,#1765,#1766));
#1768=FACE_OUTER_BOUND('',#1767,.F.);
#1769=ADVANCED_FACE('',(#1768),#1760,.T.);
#1770=CARTESIAN_POINT('',(3.05E0,0.E0,-7.E0));
#1771=DIRECTION('',(0.E0,2.079116908178E-1,-9.781476007338E-1));
#1772=DIRECTION('',(-1.E0,0.E0,0.E0));
#1773=AXIS2_PLACEMENT_3D('',#1770,#1771,#1772);
#1774=PLANE('',#1773);
#1775=ORIENTED_EDGE('',*,*,#1751,.F.);
#1777=ORIENTED_EDGE('',*,*,#1776,.F.);
#1779=ORIENTED_EDGE('',*,*,#1778,.T.);
#1781=ORIENTED_EDGE('',*,*,#1780,.T.);
#1783=ORIENTED_EDGE('',*,*,#1782,.F.);
#1784=ORIENTED_EDGE('',*,*,#1762,.F.);
#1785=EDGE_LOOP('',(#1775,#1777,#1779,#1781,#1783,#1784));
#1786=FACE_OUTER_BOUND('',#1785,.F.);
#1787=ADVANCED_FACE('',(#1786),#1774,.T.);
#1788=CARTESIAN_POINT('',(2.575026753969E0,1.7536E0,-6.525026753969E0));
#1789=DIRECTION('',(2.035585949528E-1,-9.576678948580E-1,-2.035585949528E-1));
#1790=DIRECTION('',(0.E0,2.079116908178E-1,-9.781476007338E-1));
#1791=AXIS2_PLACEMENT_3D('',#1788,#1789,#1790);
#1792=CYLINDRICAL_SURFACE('',#1791,1.E-1);
#1793=ORIENTED_EDGE('',*,*,#1776,.T.);
#1794=ORIENTED_EDGE('',*,*,#1749,.F.);
#1796=ORIENTED_EDGE('',*,*,#1795,.F.);
#1798=ORIENTED_EDGE('',*,*,#1797,.T.);
#1799=EDGE_LOOP('',(#1793,#1794,#1796,#1798));
#1800=FACE_OUTER_BOUND('',#1799,.F.);
#1801=ADVANCED_FACE('',(#1800),#1792,.T.);
#1802=CARTESIAN_POINT('',(3.05E0,0.E0,7.E0));
#1803=DIRECTION('',(9.781476007338E-1,2.079116908178E-1,0.E0));
#1804=DIRECTION('',(0.E0,0.E0,-1.E0));
#1805=AXIS2_PLACEMENT_3D('',#1802,#1803,#1804);
#1806=PLANE('',#1805);
#1808=ORIENTED_EDGE('',*,*,#1807,.T.);
#1809=ORIENTED_EDGE('',*,*,#1795,.T.);
#1810=ORIENTED_EDGE('',*,*,#1747,.F.);
#1811=ORIENTED_EDGE('',*,*,#1731,.F.);
#1812=ORIENTED_EDGE('',*,*,#1717,.F.);
#1814=ORIENTED_EDGE('',*,*,#1813,.F.);
#1815=EDGE_LOOP('',(#1808,#1809,#1810,#1811,#1812,#1814));
#1816=FACE_OUTER_BOUND('',#1815,.F.);
#1817=ADVANCED_FACE('',(#1816),#1806,.T.);
#1818=CARTESIAN_POINT('',(2.873371143929E0,3.5E-1,2.52504E1));
#1819=DIRECTION('',(0.E0,0.E0,-1.E0));
#1820=DIRECTION('',(0.E0,1.E0,0.E0));
#1821=AXIS2_PLACEMENT_3D('',#1818,#1819,#1820);
#1822=CYLINDRICAL_SURFACE('',#1821,1.E-1);
#1823=ORIENTED_EDGE('',*,*,#1807,.F.);
#1825=ORIENTED_EDGE('',*,*,#1824,.T.);
#1827=ORIENTED_EDGE('',*,*,#1826,.T.);
#1829=ORIENTED_EDGE('',*,*,#1828,.T.);
#1830=EDGE_LOOP('',(#1823,#1825,#1827,#1829));
#1831=FACE_OUTER_BOUND('',#1830,.F.);
#1832=ADVANCED_FACE('',(#1831),#1822,.T.);
#1833=CARTESIAN_POINT('',(2.873371143929E0,3.5E-1,6.823371143929E0));
#1834=DIRECTION('',(7.771459614570E-1,-6.293203910498E-1,0.E0));
#1835=DIRECTION('',(6.293203910498E-1,7.771459614570E-1,0.E0));
#1836=AXIS2_PLACEMENT_3D('',#1833,#1834,#1835);
#1837=SPHERICAL_SURFACE('',#1836,1.E-1);
#1839=ORIENTED_EDGE('',*,*,#1838,.F.);
#1840=ORIENTED_EDGE('',*,*,#1824,.F.);
#1842=ORIENTED_EDGE('',*,*,#1841,.F.);
#1843=EDGE_LOOP('',(#1839,#1840,#1842));
#1844=FACE_OUTER_BOUND('',#1843,.F.);
#1845=ADVANCED_FACE('',(#1844),#1837,.T.);
#1846=CARTESIAN_POINT('',(-1.100196E1,3.5E-1,6.823371143929E0));
#1847=DIRECTION('',(1.E0,0.E0,0.E0));
#1848=DIRECTION('',(0.E0,1.E0,0.E0));
#1849=AXIS2_PLACEMENT_3D('',#1846,#1847,#1848);
#1850=CYLINDRICAL_SURFACE('',#1849,1.E-1);
#1852=ORIENTED_EDGE('',*,*,#1851,.F.);
#1854=ORIENTED_EDGE('',*,*,#1853,.T.);
#1856=ORIENTED_EDGE('',*,*,#1855,.T.);
#1857=ORIENTED_EDGE('',*,*,#1838,.T.);
#1858=EDGE_LOOP('',(#1852,#1854,#1856,#1857));
#1859=FACE_OUTER_BOUND('',#1858,.F.);
#1860=ADVANCED_FACE('',(#1859),#1850,.T.);
#1861=CARTESIAN_POINT('',(-3.05E0,0.E0,7.E0));
#1862=DIRECTION('',(0.E0,2.079116908178E-1,9.781476007338E-1));
#1863=DIRECTION('',(1.E0,0.E0,0.E0));
#1864=AXIS2_PLACEMENT_3D('',#1861,#1862,#1863);
#1865=PLANE('',#1864);
#1866=ORIENTED_EDGE('',*,*,#1713,.F.);
#1867=ORIENTED_EDGE('',*,*,#1695,.F.);
#1868=ORIENTED_EDGE('',*,*,#1680,.F.);
#1870=ORIENTED_EDGE('',*,*,#1869,.F.);
#1871=ORIENTED_EDGE('',*,*,#1851,.T.);
#1873=ORIENTED_EDGE('',*,*,#1872,.T.);
#1874=EDGE_LOOP('',(#1866,#1867,#1868,#1870,#1871,#1873));
#1875=FACE_OUTER_BOUND('',#1874,.F.);
#1876=ADVANCED_FACE('',(#1875),#1865,.T.);
#1877=CARTESIAN_POINT('',(-2.575026753969E0,1.7536E0,6.525026753969E0));
#1878=DIRECTION('',(-2.035585949528E-1,-9.576678948580E-1,2.035585949528E-1));
#1879=DIRECTION('',(0.E0,2.079116908178E-1,9.781476007338E-1));
#1880=AXIS2_PLACEMENT_3D('',#1877,#1878,#1879);
#1881=CYLINDRICAL_SURFACE('',#1880,1.E-1);
#1882=ORIENTED_EDGE('',*,*,#1869,.T.);
#1883=ORIENTED_EDGE('',*,*,#1678,.F.);
#1885=ORIENTED_EDGE('',*,*,#1884,.F.);
#1887=ORIENTED_EDGE('',*,*,#1886,.T.);
#1888=EDGE_LOOP('',(#1882,#1883,#1885,#1887));
#1889=FACE_OUTER_BOUND('',#1888,.F.);
#1890=ADVANCED_FACE('',(#1889),#1881,.T.);
#1891=CARTESIAN_POINT('',(-3.05E0,0.E0,-7.E0));
#1892=DIRECTION('',(-9.781476007338E-1,2.079116908178E-1,0.E0));
#1893=DIRECTION('',(0.E0,0.E0,1.E0));
#1894=AXIS2_PLACEMENT_3D('',#1891,#1892,#1893);
#1895=PLANE('',#1894);
#1897=ORIENTED_EDGE('',*,*,#1896,.T.);
#1898=ORIENTED_EDGE('',*,*,#1884,.T.);
#1899=ORIENTED_EDGE('',*,*,#1676,.F.);
#1901=ORIENTED_EDGE('',*,*,#1900,.F.);
#1903=ORIENTED_EDGE('',*,*,#1902,.F.);
#1905=ORIENTED_EDGE('',*,*,#1904,.F.);
#1906=EDGE_LOOP('',(#1897,#1898,#1899,#1901,#1903,#1905));
#1907=FACE_OUTER_BOUND('',#1906,.F.);
#1908=ADVANCED_FACE('',(#1907),#1895,.T.);
#1909=CARTESIAN_POINT('',(-2.873371143929E0,3.5E-1,-2.52504E1));
#1910=DIRECTION('',(0.E0,0.E0,1.E0));
#1911=DIRECTION('',(0.E0,1.E0,0.E0));
#1912=AXIS2_PLACEMENT_3D('',#1909,#1910,#1911);
#1913=CYLINDRICAL_SURFACE('',#1912,1.E-1);
#1914=ORIENTED_EDGE('',*,*,#1896,.F.);
#1916=ORIENTED_EDGE('',*,*,#1915,.T.);
#1918=ORIENTED_EDGE('',*,*,#1917,.T.);
#1920=ORIENTED_EDGE('',*,*,#1919,.T.);
#1921=EDGE_LOOP('',(#1914,#1916,#1918,#1920));
#1922=FACE_OUTER_BOUND('',#1921,.F.);
#1923=ADVANCED_FACE('',(#1922),#1913,.T.);
#1924=CARTESIAN_POINT('',(-2.873371143929E0,3.5E-1,-6.823371143929E0));
#1925=DIRECTION('',(7.071067811865E-1,0.E0,-7.071067811865E-1));
#1926=DIRECTION('',(-6.771734625787E-1,2.878753257198E-1,-6.771734625787E-1));
#1927=AXIS2_PLACEMENT_3D('',#1924,#1925,#1926);
#1928=SPHERICAL_SURFACE('',#1927,1.E-1);
#1930=ORIENTED_EDGE('',*,*,#1929,.F.);
#1932=ORIENTED_EDGE('',*,*,#1931,.F.);
#1933=ORIENTED_EDGE('',*,*,#1915,.F.);
#1934=EDGE_LOOP('',(#1930,#1932,#1933));
#1935=FACE_OUTER_BOUND('',#1934,.F.);
#1936=ADVANCED_FACE('',(#1935),#1928,.T.);
#1937=CARTESIAN_POINT('',(-2.575026753969E0,1.7536E0,-6.525026753969E0));
#1938=DIRECTION('',(-2.035585949528E-1,-9.576678948580E-1,-2.035585949528E-1));
#1939=DIRECTION('',(-9.781476007338E-1,2.079116908178E-1,0.E0));
#1940=AXIS2_PLACEMENT_3D('',#1937,#1938,#1939);
#1941=CYLINDRICAL_SURFACE('',#1940,1.E-1);
#1942=ORIENTED_EDGE('',*,*,#1904,.T.);
#1944=ORIENTED_EDGE('',*,*,#1943,.F.);
#1945=ORIENTED_EDGE('',*,*,#1780,.F.);
#1946=ORIENTED_EDGE('',*,*,#1929,.T.);
#1947=EDGE_LOOP('',(#1942,#1944,#1945,#1946));
#1948=FACE_OUTER_BOUND('',#1947,.F.);
#1949=ADVANCED_FACE('',(#1948),#1941,.T.);
#1950=CARTESIAN_POINT('',(-2.95E0,1.7536E0,-6.9E0));
#1951=DIRECTION('',(0.E0,-1.E0,0.E0));
#1952=DIRECTION('',(-1.E0,0.E0,0.E0));
#1953=AXIS2_PLACEMENT_3D('',#1950,#1951,#1952);
#1954=CYLINDRICAL_SURFACE('',#1953,1.E-1);
#1956=ORIENTED_EDGE('',*,*,#1955,.T.);
#1957=ORIENTED_EDGE('',*,*,#1517,.T.);
#1958=ORIENTED_EDGE('',*,*,#1535,.T.);
#1959=ORIENTED_EDGE('',*,*,#1554,.T.);
#1960=ORIENTED_EDGE('',*,*,#1764,.F.);
#1961=ORIENTED_EDGE('',*,*,#1782,.T.);
#1962=ORIENTED_EDGE('',*,*,#1943,.T.);
#1963=ORIENTED_EDGE('',*,*,#1902,.T.);
#1964=EDGE_LOOP('',(#1956,#1957,#1958,#1959,#1960,#1961,#1962,#1963));
#1965=FACE_OUTER_BOUND('',#1964,.F.);
#1966=ADVANCED_FACE('',(#1965),#1954,.T.);
#1967=CARTESIAN_POINT('',(-3.05E0,-5.5E-1,-7.E0));
#1968=DIRECTION('',(-1.E0,0.E0,0.E0));
#1969=DIRECTION('',(0.E0,0.E0,1.E0));
#1970=AXIS2_PLACEMENT_3D('',#1967,#1968,#1969);
#1971=PLANE('',#1970);
#1972=ORIENTED_EDGE('',*,*,#1955,.F.);
#1973=ORIENTED_EDGE('',*,*,#1900,.T.);
#1974=ORIENTED_EDGE('',*,*,#1674,.T.);
#1975=ORIENTED_EDGE('',*,*,#1519,.F.);
#1976=EDGE_LOOP('',(#1972,#1973,#1974,#1975));
#1977=FACE_OUTER_BOUND('',#1976,.F.);
#1978=ADVANCED_FACE('',(#1977),#1971,.T.);
#1979=CARTESIAN_POINT('',(1.100196E1,3.5E-1,-6.823371143929E0));
#1980=DIRECTION('',(-1.E0,0.E0,0.E0));
#1981=DIRECTION('',(0.E0,1.E0,0.E0));
#1982=AXIS2_PLACEMENT_3D('',#1979,#1980,#1981);
#1983=CYLINDRICAL_SURFACE('',#1982,1.E-1);
#1985=ORIENTED_EDGE('',*,*,#1984,.T.);
#1986=ORIENTED_EDGE('',*,*,#1931,.T.);
#1987=ORIENTED_EDGE('',*,*,#1778,.F.);
#1989=ORIENTED_EDGE('',*,*,#1988,.T.);
#1990=EDGE_LOOP('',(#1985,#1986,#1987,#1989));
#1991=FACE_OUTER_BOUND('',#1990,.F.);
#1992=ADVANCED_FACE('',(#1991),#1983,.T.);
#1993=CARTESIAN_POINT('',(0.E0,4.5E-1,0.E0));
#1994=DIRECTION('',(0.E0,1.E0,0.E0));
#1995=DIRECTION('',(1.E0,0.E0,0.E0));
#1996=AXIS2_PLACEMENT_3D('',#1993,#1994,#1995);
#1997=PLANE('',#1996);
#1998=ORIENTED_EDGE('',*,*,#1917,.F.);
#1999=ORIENTED_EDGE('',*,*,#1984,.F.);
#2000=ORIENTED_EDGE('',*,*,#1826,.F.);
#2001=ORIENTED_EDGE('',*,*,#1855,.F.);
#2002=EDGE_LOOP('',(#1998,#1999,#2000,#2001));
#2003=FACE_OUTER_BOUND('',#2002,.F.);
#2005=ORIENTED_EDGE('',*,*,#2004,.F.);
#2007=ORIENTED_EDGE('',*,*,#2006,.F.);
#2008=EDGE_LOOP('',(#2005,#2007));
#2009=FACE_BOUND('',#2008,.F.);
#2010=ADVANCED_FACE('',(#2003,#2009),#1997,.T.);
#2011=CARTESIAN_POINT('',(-2.25E0,4.5E-1,-6.2E0));
#2012=DIRECTION('',(0.E0,-1.E0,0.E0));
#2013=DIRECTION('',(1.E0,0.E0,0.E0));
#2014=AXIS2_PLACEMENT_3D('',#2011,#2012,#2013);
#2015=CYLINDRICAL_SURFACE('',#2014,4.E-1);
#2016=ORIENTED_EDGE('',*,*,#2004,.T.);
#2018=ORIENTED_EDGE('',*,*,#2017,.T.);
#2020=ORIENTED_EDGE('',*,*,#2019,.F.);
#2022=ORIENTED_EDGE('',*,*,#2021,.F.);
#2023=EDGE_LOOP('',(#2016,#2018,#2020,#2022));
#2024=FACE_OUTER_BOUND('',#2023,.F.);
#2025=ADVANCED_FACE('',(#2024),#2015,.F.);
#2026=CARTESIAN_POINT('',(-2.25E0,4.5E-1,-6.2E0));
#2027=DIRECTION('',(0.E0,-1.E0,0.E0));
#2028=DIRECTION('',(1.E0,0.E0,0.E0));
#2029=AXIS2_PLACEMENT_3D('',#2026,#2027,#2028);
#2030=CYLINDRICAL_SURFACE('',#2029,4.E-1);
#2031=ORIENTED_EDGE('',*,*,#2006,.T.);
#2032=ORIENTED_EDGE('',*,*,#2021,.T.);
#2034=ORIENTED_EDGE('',*,*,#2033,.F.);
#2035=ORIENTED_EDGE('',*,*,#2017,.F.);
#2036=EDGE_LOOP('',(#2031,#2032,#2034,#2035));
#2037=FACE_OUTER_BOUND('',#2036,.F.);
#2038=ADVANCED_FACE('',(#2037),#2030,.F.);
#2039=CARTESIAN_POINT('',(-2.25E0,4.E-1,-6.2E0));
#2040=DIRECTION('',(0.E0,-1.E0,0.E0));
#2041=DIRECTION('',(1.E0,0.E0,0.E0));
#2042=AXIS2_PLACEMENT_3D('',#2039,#2040,#2041);
#2043=PLANE('',#2042);
#2044=ORIENTED_EDGE('',*,*,#2019,.T.);
#2045=ORIENTED_EDGE('',*,*,#2033,.T.);
#2046=EDGE_LOOP('',(#2044,#2045));
#2047=FACE_OUTER_BOUND('',#2046,.F.);
#2048=ADVANCED_FACE('',(#2047),#2043,.F.);
#2049=CARTESIAN_POINT('',(2.873371143929E0,3.5E-1,-6.823371143929E0));
#2050=DIRECTION('',(0.E0,-6.293203910498E-1,-7.771459614570E-1));
#2051=DIRECTION('',(0.E0,7.771459614570E-1,-6.293203910498E-1));
#2052=AXIS2_PLACEMENT_3D('',#2049,#2050,#2051);
#2053=SPHERICAL_SURFACE('',#2052,1.E-1);
#2054=ORIENTED_EDGE('',*,*,#1988,.F.);
#2055=ORIENTED_EDGE('',*,*,#1797,.F.);
#2056=ORIENTED_EDGE('',*,*,#1828,.F.);
#2057=EDGE_LOOP('',(#2054,#2055,#2056));
#2058=FACE_OUTER_BOUND('',#2057,.F.);
#2059=ADVANCED_FACE('',(#2058),#2053,.T.);
#2060=CARTESIAN_POINT('',(-2.873371143929E0,3.5E-1,6.823371143929E0));
#2061=DIRECTION('',(0.E0,-6.293203910498E-1,7.771459614570E-1));
#2062=DIRECTION('',(0.E0,7.771459614570E-1,6.293203910498E-1));
#2063=AXIS2_PLACEMENT_3D('',#2060,#2061,#2062);
#2064=SPHERICAL_SURFACE('',#2063,1.E-1);
#2065=ORIENTED_EDGE('',*,*,#1886,.F.);
#2066=ORIENTED_EDGE('',*,*,#1919,.F.);
#2067=ORIENTED_EDGE('',*,*,#1853,.F.);
#2068=EDGE_LOOP('',(#2065,#2066,#2067));
#2069=FACE_OUTER_BOUND('',#2068,.F.);
#2070=ADVANCED_FACE('',(#2069),#2064,.T.);
#2071=CARTESIAN_POINT('',(2.575026753969E0,1.7536E0,6.525026753969E0));
#2072=DIRECTION('',(2.035585949528E-1,-9.576678948580E-1,2.035585949528E-1));
#2073=DIRECTION('',(9.781476007338E-1,2.079116908178E-1,0.E0));
#2074=AXIS2_PLACEMENT_3D('',#2071,#2072,#2073);
#2075=CYLINDRICAL_SURFACE('',#2074,1.E-1);
#2076=ORIENTED_EDGE('',*,*,#1813,.T.);
#2077=ORIENTED_EDGE('',*,*,#1715,.F.);
#2078=ORIENTED_EDGE('',*,*,#1872,.F.);
#2079=ORIENTED_EDGE('',*,*,#1841,.T.);
#2080=EDGE_LOOP('',(#2076,#2077,#2078,#2079));
#2081=FACE_OUTER_BOUND('',#2080,.F.);
#2082=ADVANCED_FACE('',(#2081),#2075,.T.);
#2083=CARTESIAN_POINT('',(3.352388611309E0,1.7536E0,7.302388611309E0));
#2084=DIRECTION('',(-2.035585949528E-1,-9.576678948580E-1,-2.035585949528E-1));
#2085=DIRECTION('',(9.781476007338E-1,-2.079116908178E-1,0.E0));
#2086=AXIS2_PLACEMENT_3D('',#2083,#2084,#2085);
#2087=CYLINDRICAL_SURFACE('',#2086,1.E-1);
#2089=ORIENTED_EDGE('',*,*,#2088,.F.);
#2090=ORIENTED_EDGE('',*,*,#1708,.F.);
#2091=ORIENTED_EDGE('',*,*,#1585,.T.);
#2092=ORIENTED_EDGE('',*,*,#1617,.T.);
#2093=EDGE_LOOP('',(#2089,#2090,#2091,#2092));
#2094=FACE_OUTER_BOUND('',#2093,.F.);
#2095=ADVANCED_FACE('',(#2094),#2087,.T.);
#2096=CARTESIAN_POINT('',(-3.05E0,-1.5E-1,7.E0));
#2097=DIRECTION('',(0.E0,-2.079116908178E-1,9.781476007338E-1));
#2098=DIRECTION('',(1.E0,0.E0,0.E0));
#2099=AXIS2_PLACEMENT_3D('',#2096,#2097,#2098);
#2100=PLANE('',#2099);
#2101=ORIENTED_EDGE('',*,*,#2088,.T.);
#2102=ORIENTED_EDGE('',*,*,#1631,.T.);
#2103=ORIENTED_EDGE('',*,*,#1657,.F.);
#2104=ORIENTED_EDGE('',*,*,#1670,.F.);
#2105=ORIENTED_EDGE('',*,*,#1692,.T.);
#2106=ORIENTED_EDGE('',*,*,#1710,.F.);
#2107=EDGE_LOOP('',(#2101,#2102,#2103,#2104,#2105,#2106));
#2108=FACE_OUTER_BOUND('',#2107,.F.);
#2109=ADVANCED_FACE('',(#2108),#2100,.T.);
#2110=CARTESIAN_POINT('',(2.883998972012E0,-4.5E-1,-6.833998972012E0));
#2111=DIRECTION('',(-7.071067811866E-1,0.E0,-7.071067811865E-1));
#2112=DIRECTION('',(6.771734625787E-1,-2.878753257198E-1,-6.771734625787E-1));
#2113=AXIS2_PLACEMENT_3D('',#2110,#2111,#2112);
#2114=SPHERICAL_SURFACE('',#2113,1.E-1);
#2115=ORIENTED_EDGE('',*,*,#1605,.F.);
#2116=ORIENTED_EDGE('',*,*,#1572,.F.);
#2118=ORIENTED_EDGE('',*,*,#2117,.F.);
#2119=EDGE_LOOP('',(#2115,#2116,#2118));
#2120=FACE_OUTER_BOUND('',#2119,.F.);
#2121=ADVANCED_FACE('',(#2120),#2114,.T.);
#2122=CARTESIAN_POINT('',(-1.100196E1,-4.5E-1,-6.833998972012E0));
#2123=DIRECTION('',(1.E0,0.E0,0.E0));
#2124=DIRECTION('',(0.E0,-1.E0,0.E0));
#2125=AXIS2_PLACEMENT_3D('',#2122,#2123,#2124);
#2126=CYLINDRICAL_SURFACE('',#2125,1.E-1);
#2127=ORIENTED_EDGE('',*,*,#1557,.F.);
#2129=ORIENTED_EDGE('',*,*,#2128,.T.);
#2130=ORIENTED_EDGE('',*,*,#1447,.T.);
#2131=ORIENTED_EDGE('',*,*,#2117,.T.);
#2132=EDGE_LOOP('',(#2127,#2129,#2130,#2131));
#2133=FACE_OUTER_BOUND('',#2132,.F.);
#2134=ADVANCED_FACE('',(#2133),#2126,.T.);
#2135=CARTESIAN_POINT('',(-2.883998972012E0,-4.5E-1,-6.833998972012E0));
#2136=DIRECTION('',(0.E0,6.293203910498E-1,-7.771459614570E-1));
#2137=DIRECTION('',(0.E0,-7.771459614570E-1,-6.293203910498E-1));
#2138=AXIS2_PLACEMENT_3D('',#2135,#2136,#2137);
#2139=SPHERICAL_SURFACE('',#2138,1.E-1);
#2140=ORIENTED_EDGE('',*,*,#2128,.F.);
#2141=ORIENTED_EDGE('',*,*,#1538,.F.);
#2142=ORIENTED_EDGE('',*,*,#1504,.F.);
#2143=EDGE_LOOP('',(#2140,#2141,#2142));
#2144=FACE_OUTER_BOUND('',#2143,.F.);
#2145=ADVANCED_FACE('',(#2144),#2139,.T.);
#2146=CARTESIAN_POINT('',(-1.6175E0,-5.5E-1,-2.9125E0));
#2147=DIRECTION('',(-1.E0,0.E0,0.E0));
#2148=DIRECTION('',(0.E0,0.E0,1.E0));
#2149=AXIS2_PLACEMENT_3D('',#2146,#2147,#2148);
#2150=PLANE('',#2149);
#2151=ORIENTED_EDGE('',*,*,#1451,.T.);
#2153=ORIENTED_EDGE('',*,*,#2152,.T.);
#2155=ORIENTED_EDGE('',*,*,#2154,.F.);
#2157=ORIENTED_EDGE('',*,*,#2156,.F.);
#2158=EDGE_LOOP('',(#2151,#2153,#2155,#2157));
#2159=FACE_OUTER_BOUND('',#2158,.F.);
#2160=ADVANCED_FACE('',(#2159),#2150,.F.);
#2161=CARTESIAN_POINT('',(-1.6175E0,-5.5E-1,2.9125E0));
#2162=DIRECTION('',(0.E0,0.E0,1.E0));
#2163=DIRECTION('',(1.E0,0.E0,0.E0));
#2164=AXIS2_PLACEMENT_3D('',#2161,#2162,#2163);
#2165=PLANE('',#2164);
#2166=ORIENTED_EDGE('',*,*,#1489,.T.);
#2168=ORIENTED_EDGE('',*,*,#2167,.T.);
#2170=ORIENTED_EDGE('',*,*,#2169,.F.);
#2171=ORIENTED_EDGE('',*,*,#2152,.F.);
#2172=EDGE_LOOP('',(#2166,#2168,#2170,#2171));
#2173=FACE_OUTER_BOUND('',#2172,.F.);
#2174=ADVANCED_FACE('',(#2173),#2165,.F.);
#2175=CARTESIAN_POINT('',(-1.6175E0,-5.5E-1,2.9125E0));
#2176=DIRECTION('',(0.E0,0.E0,1.E0));
#2177=DIRECTION('',(1.E0,0.E0,0.E0));
#2178=AXIS2_PLACEMENT_3D('',#2175,#2176,#2177);
#2179=PLANE('',#2178);
#2180=ORIENTED_EDGE('',*,*,#1473,.T.);
#2182=ORIENTED_EDGE('',*,*,#2181,.T.);
#2184=ORIENTED_EDGE('',*,*,#2183,.F.);
#2186=ORIENTED_EDGE('',*,*,#2185,.F.);
#2187=EDGE_LOOP('',(#2180,#2182,#2184,#2186));
#2188=FACE_OUTER_BOUND('',#2187,.F.);
#2189=ADVANCED_FACE('',(#2188),#2179,.F.);
#2190=CARTESIAN_POINT('',(-4.E-1,-5.5E-1,2.9125E0));
#2191=DIRECTION('',(-1.E0,0.E0,0.E0));
#2192=DIRECTION('',(0.E0,0.E0,1.E0));
#2193=AXIS2_PLACEMENT_3D('',#2190,#2191,#2192);
#2194=PLANE('',#2193);
#2195=ORIENTED_EDGE('',*,*,#1487,.T.);
#2197=ORIENTED_EDGE('',*,*,#2196,.T.);
#2199=ORIENTED_EDGE('',*,*,#2198,.F.);
#2200=ORIENTED_EDGE('',*,*,#2167,.F.);
#2201=EDGE_LOOP('',(#2195,#2197,#2199,#2200));
#2202=FACE_OUTER_BOUND('',#2201,.F.);
#2203=ADVANCED_FACE('',(#2202),#2194,.F.);
#2204=CARTESIAN_POINT('',(-4.E-1,-5.5E-1,3.0625E0));
#2205=DIRECTION('',(0.E0,0.E0,1.E0));
#2206=DIRECTION('',(1.E0,0.E0,0.E0));
#2207=AXIS2_PLACEMENT_3D('',#2204,#2205,#2206);
#2208=PLANE('',#2207);
#2209=ORIENTED_EDGE('',*,*,#1485,.T.);
#2211=ORIENTED_EDGE('',*,*,#2210,.T.);
#2213=ORIENTED_EDGE('',*,*,#2212,.F.);
#2214=ORIENTED_EDGE('',*,*,#2196,.F.);
#2215=EDGE_LOOP('',(#2209,#2211,#2213,#2214));
#2216=FACE_OUTER_BOUND('',#2215,.F.);
#2217=ADVANCED_FACE('',(#2216),#2208,.F.);
#2218=CARTESIAN_POINT('',(-4.E-1,-5.5E-1,3.0625E0));
#2219=DIRECTION('',(0.E0,0.E0,1.E0));
#2220=DIRECTION('',(1.E0,0.E0,0.E0));
#2221=AXIS2_PLACEMENT_3D('',#2218,#2219,#2220);
#2222=PLANE('',#2221);
#2224=ORIENTED_EDGE('',*,*,#2223,.T.);
#2226=ORIENTED_EDGE('',*,*,#2225,.F.);
#2228=ORIENTED_EDGE('',*,*,#2227,.F.);
#2229=ORIENTED_EDGE('',*,*,#1477,.T.);
#2230=EDGE_LOOP('',(#2224,#2226,#2228,#2229));
#2231=FACE_OUTER_BOUND('',#2230,.F.);
#2232=ADVANCED_FACE('',(#2231),#2222,.F.);
#2233=CARTESIAN_POINT('',(-3.E-1,-5.5E-1,3.2875E0));
#2234=DIRECTION('',(1.E0,0.E0,0.E0));
#2235=DIRECTION('',(0.E0,0.E0,-1.E0));
#2236=AXIS2_PLACEMENT_3D('',#2233,#2234,#2235);
#2237=PLANE('',#2236);
#2238=ORIENTED_EDGE('',*,*,#1483,.F.);
#2240=ORIENTED_EDGE('',*,*,#2239,.T.);
#2242=ORIENTED_EDGE('',*,*,#2241,.T.);
#2243=ORIENTED_EDGE('',*,*,#2210,.F.);
#2244=EDGE_LOOP('',(#2238,#2240,#2242,#2243));
#2245=FACE_OUTER_BOUND('',#2244,.F.);
#2246=ADVANCED_FACE('',(#2245),#2237,.T.);
#2247=CARTESIAN_POINT('',(3.E-1,-5.5E-1,3.2875E0));
#2248=DIRECTION('',(0.E0,0.E0,-1.E0));
#2249=DIRECTION('',(-1.E0,0.E0,0.E0));
#2250=AXIS2_PLACEMENT_3D('',#2247,#2248,#2249);
#2251=PLANE('',#2250);
#2252=ORIENTED_EDGE('',*,*,#1481,.F.);
#2254=ORIENTED_EDGE('',*,*,#2253,.T.);
#2256=ORIENTED_EDGE('',*,*,#2255,.T.);
#2257=ORIENTED_EDGE('',*,*,#2239,.F.);
#2258=EDGE_LOOP('',(#2252,#2254,#2256,#2257));
#2259=FACE_OUTER_BOUND('',#2258,.F.);
#2260=ADVANCED_FACE('',(#2259),#2251,.T.);
#2261=CARTESIAN_POINT('',(3.E-1,-5.5E-1,3.0625E0));
#2262=DIRECTION('',(-1.E0,0.E0,0.E0));
#2263=DIRECTION('',(0.E0,0.E0,1.E0));
#2264=AXIS2_PLACEMENT_3D('',#2261,#2262,#2263);
#2265=PLANE('',#2264);
#2266=ORIENTED_EDGE('',*,*,#1479,.F.);
#2267=ORIENTED_EDGE('',*,*,#2227,.T.);
#2269=ORIENTED_EDGE('',*,*,#2268,.T.);
#2270=ORIENTED_EDGE('',*,*,#2253,.F.);
#2271=EDGE_LOOP('',(#2266,#2267,#2269,#2270));
#2272=FACE_OUTER_BOUND('',#2271,.F.);
#2273=ADVANCED_FACE('',(#2272),#2265,.T.);
#2274=CARTESIAN_POINT('',(0.E0,-4.E-1,0.E0));
#2275=DIRECTION('',(0.E0,1.E0,0.E0));
#2276=DIRECTION('',(1.E0,0.E0,0.E0));
#2277=AXIS2_PLACEMENT_3D('',#2274,#2275,#2276);
#2278=PLANE('',#2277);
#2279=ORIENTED_EDGE('',*,*,#2225,.T.);
#2281=ORIENTED_EDGE('',*,*,#2280,.T.);
#2282=ORIENTED_EDGE('',*,*,#2183,.T.);
#2284=ORIENTED_EDGE('',*,*,#2283,.T.);
#2286=ORIENTED_EDGE('',*,*,#2285,.T.);
#2288=ORIENTED_EDGE('',*,*,#2287,.T.);
#2290=ORIENTED_EDGE('',*,*,#2289,.T.);
#2292=ORIENTED_EDGE('',*,*,#2291,.T.);
#2294=ORIENTED_EDGE('',*,*,#2293,.T.);
#2296=ORIENTED_EDGE('',*,*,#2295,.T.);
#2298=ORIENTED_EDGE('',*,*,#2297,.T.);
#2300=ORIENTED_EDGE('',*,*,#2299,.T.);
#2302=ORIENTED_EDGE('',*,*,#2301,.T.);
#2303=ORIENTED_EDGE('',*,*,#2154,.T.);
#2304=ORIENTED_EDGE('',*,*,#2169,.T.);
#2305=ORIENTED_EDGE('',*,*,#2198,.T.);
#2306=ORIENTED_EDGE('',*,*,#2212,.T.);
#2307=ORIENTED_EDGE('',*,*,#2241,.F.);
#2308=ORIENTED_EDGE('',*,*,#2255,.F.);
#2309=ORIENTED_EDGE('',*,*,#2268,.F.);
#2310=EDGE_LOOP('',(#2279,#2281,#2282,#2284,#2286,#2288,#2290,#2292,#2294,#2296,
#2298,#2300,#2302,#2303,#2304,#2305,#2306,#2307,#2308,#2309));
#2311=FACE_OUTER_BOUND('',#2310,.F.);
#2312=ADVANCED_FACE('',(#2311),#2278,.F.);
#2313=CARTESIAN_POINT('',(4.E-1,-5.5E-1,3.0625E0));
#2314=DIRECTION('',(1.E0,0.E0,0.E0));
#2315=DIRECTION('',(0.E0,0.E0,-1.E0));
#2316=AXIS2_PLACEMENT_3D('',#2313,#2314,#2315);
#2317=PLANE('',#2316);
#2318=ORIENTED_EDGE('',*,*,#1475,.T.);
#2319=ORIENTED_EDGE('',*,*,#2185,.T.);
#2320=ORIENTED_EDGE('',*,*,#2280,.F.);
#2321=ORIENTED_EDGE('',*,*,#2223,.F.);
#2322=EDGE_LOOP('',(#2318,#2319,#2320,#2321));
#2323=FACE_OUTER_BOUND('',#2322,.F.);
#2324=ADVANCED_FACE('',(#2323),#2317,.F.);
#2325=CARTESIAN_POINT('',(1.6175E0,-5.5E-1,2.9125E0));
#2326=DIRECTION('',(1.E0,0.E0,0.E0));
#2327=DIRECTION('',(0.E0,0.E0,-1.E0));
#2328=AXIS2_PLACEMENT_3D('',#2325,#2326,#2327);
#2329=PLANE('',#2328);
#2330=ORIENTED_EDGE('',*,*,#1471,.T.);
#2332=ORIENTED_EDGE('',*,*,#2331,.T.);
#2333=ORIENTED_EDGE('',*,*,#2283,.F.);
#2334=ORIENTED_EDGE('',*,*,#2181,.F.);
#2335=EDGE_LOOP('',(#2330,#2332,#2333,#2334));
#2336=FACE_OUTER_BOUND('',#2335,.F.);
#2337=ADVANCED_FACE('',(#2336),#2329,.F.);
#2338=CARTESIAN_POINT('',(1.6175E0,-5.5E-1,-2.9125E0));
#2339=DIRECTION('',(0.E0,0.E0,-1.E0));
#2340=DIRECTION('',(-1.E0,0.E0,0.E0));
#2341=AXIS2_PLACEMENT_3D('',#2338,#2339,#2340);
#2342=PLANE('',#2341);
#2343=ORIENTED_EDGE('',*,*,#1469,.T.);
#2345=ORIENTED_EDGE('',*,*,#2344,.T.);
#2346=ORIENTED_EDGE('',*,*,#2285,.F.);
#2347=ORIENTED_EDGE('',*,*,#2331,.F.);
#2348=EDGE_LOOP('',(#2343,#2345,#2346,#2347));
#2349=FACE_OUTER_BOUND('',#2348,.F.);
#2350=ADVANCED_FACE('',(#2349),#2342,.F.);
#2351=CARTESIAN_POINT('',(1.6175E0,-5.5E-1,-2.9125E0));
#2352=DIRECTION('',(0.E0,0.E0,-1.E0));
#2353=DIRECTION('',(-1.E0,0.E0,0.E0));
#2354=AXIS2_PLACEMENT_3D('',#2351,#2352,#2353);
#2355=PLANE('',#2354);
#2356=ORIENTED_EDGE('',*,*,#1453,.T.);
#2357=ORIENTED_EDGE('',*,*,#2156,.T.);
#2358=ORIENTED_EDGE('',*,*,#2301,.F.);
#2360=ORIENTED_EDGE('',*,*,#2359,.F.);
#2361=EDGE_LOOP('',(#2356,#2357,#2358,#2360));
#2362=FACE_OUTER_BOUND('',#2361,.F.);
#2363=ADVANCED_FACE('',(#2362),#2355,.F.);
#2364=CARTESIAN_POINT('',(4.E-1,-5.5E-1,-2.9125E0));
#2365=DIRECTION('',(1.E0,0.E0,0.E0));
#2366=DIRECTION('',(0.E0,0.E0,-1.E0));
#2367=AXIS2_PLACEMENT_3D('',#2364,#2365,#2366);
#2368=PLANE('',#2367);
#2369=ORIENTED_EDGE('',*,*,#1467,.T.);
#2371=ORIENTED_EDGE('',*,*,#2370,.T.);
#2372=ORIENTED_EDGE('',*,*,#2287,.F.);
#2373=ORIENTED_EDGE('',*,*,#2344,.F.);
#2374=EDGE_LOOP('',(#2369,#2371,#2372,#2373));
#2375=FACE_OUTER_BOUND('',#2374,.F.);
#2376=ADVANCED_FACE('',(#2375),#2368,.F.);
#2377=CARTESIAN_POINT('',(4.E-1,-5.5E-1,-3.0625E0));
#2378=DIRECTION('',(0.E0,0.E0,-1.E0));
#2379=DIRECTION('',(-1.E0,0.E0,0.E0));
#2380=AXIS2_PLACEMENT_3D('',#2377,#2378,#2379);
#2381=PLANE('',#2380);
#2382=ORIENTED_EDGE('',*,*,#1465,.T.);
#2384=ORIENTED_EDGE('',*,*,#2383,.T.);
#2385=ORIENTED_EDGE('',*,*,#2289,.F.);
#2386=ORIENTED_EDGE('',*,*,#2370,.F.);
#2387=EDGE_LOOP('',(#2382,#2384,#2385,#2386));
#2388=FACE_OUTER_BOUND('',#2387,.F.);
#2389=ADVANCED_FACE('',(#2388),#2381,.F.);
#2390=CARTESIAN_POINT('',(4.E-1,-5.5E-1,-3.0625E0));
#2391=DIRECTION('',(0.E0,0.E0,-1.E0));
#2392=DIRECTION('',(-1.E0,0.E0,0.E0));
#2393=AXIS2_PLACEMENT_3D('',#2390,#2391,#2392);
#2394=PLANE('',#2393);
#2396=ORIENTED_EDGE('',*,*,#2395,.T.);
#2397=ORIENTED_EDGE('',*,*,#2297,.F.);
#2399=ORIENTED_EDGE('',*,*,#2398,.F.);
#2400=ORIENTED_EDGE('',*,*,#1457,.T.);
#2401=EDGE_LOOP('',(#2396,#2397,#2399,#2400));
#2402=FACE_OUTER_BOUND('',#2401,.F.);
#2403=ADVANCED_FACE('',(#2402),#2394,.F.);
#2404=CARTESIAN_POINT('',(3.E-1,-5.5E-1,-3.0625E0));
#2405=DIRECTION('',(1.E0,0.E0,0.E0));
#2406=DIRECTION('',(0.E0,0.E0,-1.E0));
#2407=AXIS2_PLACEMENT_3D('',#2404,#2405,#2406);
#2408=PLANE('',#2407);
#2409=ORIENTED_EDGE('',*,*,#1463,.T.);
#2411=ORIENTED_EDGE('',*,*,#2410,.T.);
#2412=ORIENTED_EDGE('',*,*,#2291,.F.);
#2413=ORIENTED_EDGE('',*,*,#2383,.F.);
#2414=EDGE_LOOP('',(#2409,#2411,#2412,#2413));
#2415=FACE_OUTER_BOUND('',#2414,.F.);
#2416=ADVANCED_FACE('',(#2415),#2408,.F.);
#2417=CARTESIAN_POINT('',(3.E-1,-5.5E-1,-3.2875E0));
#2418=DIRECTION('',(0.E0,0.E0,-1.E0));
#2419=DIRECTION('',(-1.E0,0.E0,0.E0));
#2420=AXIS2_PLACEMENT_3D('',#2417,#2418,#2419);
#2421=PLANE('',#2420);
#2422=ORIENTED_EDGE('',*,*,#1461,.T.);
#2424=ORIENTED_EDGE('',*,*,#2423,.T.);
#2425=ORIENTED_EDGE('',*,*,#2293,.F.);
#2426=ORIENTED_EDGE('',*,*,#2410,.F.);
#2427=EDGE_LOOP('',(#2422,#2424,#2425,#2426));
#2428=FACE_OUTER_BOUND('',#2427,.F.);
#2429=ADVANCED_FACE('',(#2428),#2421,.F.);
#2430=CARTESIAN_POINT('',(-3.E-1,-5.5E-1,-3.2875E0));
#2431=DIRECTION('',(-1.E0,0.E0,0.E0));
#2432=DIRECTION('',(0.E0,0.E0,1.E0));
#2433=AXIS2_PLACEMENT_3D('',#2430,#2431,#2432);
#2434=PLANE('',#2433);
#2435=ORIENTED_EDGE('',*,*,#1459,.T.);
#2436=ORIENTED_EDGE('',*,*,#2398,.T.);
#2437=ORIENTED_EDGE('',*,*,#2295,.F.);
#2438=ORIENTED_EDGE('',*,*,#2423,.F.);
#2439=EDGE_LOOP('',(#2435,#2436,#2437,#2438));
#2440=FACE_OUTER_BOUND('',#2439,.F.);
#2441=ADVANCED_FACE('',(#2440),#2434,.F.);
#2442=CARTESIAN_POINT('',(-4.E-1,-5.5E-1,-3.0625E0));
#2443=DIRECTION('',(-1.E0,0.E0,0.E0));
#2444=DIRECTION('',(0.E0,0.E0,1.E0));
#2445=AXIS2_PLACEMENT_3D('',#2442,#2443,#2444);
#2446=PLANE('',#2445);
#2447=ORIENTED_EDGE('',*,*,#1455,.T.);
#2448=ORIENTED_EDGE('',*,*,#2359,.T.);
#2449=ORIENTED_EDGE('',*,*,#2299,.F.);
#2450=ORIENTED_EDGE('',*,*,#2395,.F.);
#2451=EDGE_LOOP('',(#2447,#2448,#2449,#2450));
#2452=FACE_OUTER_BOUND('',#2451,.F.);
#2453=ADVANCED_FACE('',(#2452),#2446,.F.);
#2454=CLOSED_SHELL('',(#1493,#1508,#1527,#1542,#1561,#1576,#1595,#1609,#1622,
#1636,#1648,#1662,#1684,#1699,#1721,#1735,#1755,#1769,#1787,#1801,#1817,#1832,
#1845,#1860,#1876,#1890,#1908,#1923,#1936,#1949,#1966,#1978,#1992,#2010,#2025,
#2038,#2048,#2059,#2070,#2082,#2095,#2109,#2121,#2134,#2145,#2160,#2174,#2189,
#2203,#2217,#2232,#2246,#2260,#2273,#2312,#2324,#2337,#2350,#2363,#2376,#2389,
#2403,#2416,#2429,#2441,#2453));
#2455=MANIFOLD_SOLID_BREP('',#2454);
#2456=FILL_AREA_STYLE_COLOUR('',#3);
#2457=FILL_AREA_STYLE('',(#2456));
#2458=SURFACE_STYLE_FILL_AREA(#2457);
#2459=SURFACE_SIDE_STYLE('',(#2458));
#2460=SURFACE_STYLE_USAGE(.BOTH.,#2459);
#2461=PRESENTATION_STYLE_ASSIGNMENT((#2460));
#28=STYLED_ITEM('',(#2461),#2455);
#2463=DIMENSIONAL_EXPONENTS(0.E0,0.E0,0.E0,0.E0,0.E0,0.E0,0.E0);
#2465=PLANE_ANGLE_MEASURE_WITH_UNIT(PLANE_ANGLE_MEASURE(1.745329251994E-2),
#2464);
#2466=(CONVERSION_BASED_UNIT('DEGREE',#2465)NAMED_UNIT(*)PLANE_ANGLE_UNIT());
#2468=UNCERTAINTY_MEASURE_WITH_UNIT(LENGTH_MEASURE(1.679766429369E-3),#2462,
'closure',
'Maximum model space distance between geometric entities at asserted connectivities');
#2469=(GEOMETRIC_REPRESENTATION_CONTEXT(3)GLOBAL_UNCERTAINTY_ASSIGNED_CONTEXT((
#2468))GLOBAL_UNIT_ASSIGNED_CONTEXT((#2462,#2466,#2467))REPRESENTATION_CONTEXT(
'ID1','3'));
#2470=CARTESIAN_POINT('',(0.E0,0.E0,0.E0));
#2471=DIRECTION('',(0.E0,0.E0,1.E0));
#2472=DIRECTION('',(1.E0,0.E0,0.E0));
#2475=APPLICATION_CONTEXT(
'CONFIGURATION CONTROLLED 3D DESIGNS OF MECHANICAL PARTS AND ASSEMBLIES');
#2476=APPLICATION_PROTOCOL_DEFINITION('international standard',
'config_control_design',1994,#2475);
#2477=DESIGN_CONTEXT('',#2475,'design');
#2478=MECHANICAL_CONTEXT('',#2475,'mechanical');
#2479=PRODUCT('BODY-TSSOP','BODY-TSSOP','NOT SPECIFIED',(#2478));
#2480=PRODUCT_DEFINITION_FORMATION_WITH_SPECIFIED_SOURCE('38','LAST_VERSION',
#2479,.MADE.);
#2489=CARTESIAN_POINT('',(0.E0,0.E0,6.8E-1));
#2490=DIRECTION('',(0.E0,-1.E0,0.E0));
#2491=DIRECTION('',(1.E0,0.E0,0.E0));
#2492=AXIS2_PLACEMENT_3D('',#2489,#2490,#2491);
#2493=ITEM_DEFINED_TRANSFORMATION('','',#2473,#2492);
#2494=(REPRESENTATION_RELATIONSHIP('','',#2474,#2486)REPRESENTATION_RELATIONSHIP_WITH_TRANSFORMATION(#2493)SHAPE_REPRESENTATION_RELATIONSHIP());
#2495=CONTEXT_DEPENDENT_SHAPE_REPRESENTATION(#2494,#2488);
#2497=CARTESIAN_POINT('',(-1.1E-1,1.3E-1,-1.724597461104E-1));
#2498=DIRECTION('',(-1.E0,0.E0,0.E0));
#2499=DIRECTION('',(0.E0,1.564344650402E-1,9.876883405951E-1));
#2500=AXIS2_PLACEMENT_3D('',#2497,#2498,#2499);
#2502=CURVE_STYLE('',#33,POSITIVE_LENGTH_MEASURE(2.E-2),#22);
#2503=PRESENTATION_STYLE_ASSIGNMENT((#2502));
#2504=STYLED_ITEM('',(#2503),#2501);
#2505=DIRECTION('',(0.E0,-9.876883405951E-1,1.564344650402E-1));
#2506=VECTOR('',#2505,1.287028749020E-1);
#2507=CARTESIAN_POINT('',(-1.1E-1,1.769303395121E-1,1.238467560682E-1));
#2508=LINE('',#2507,#2506);
#2509=CURVE_STYLE('',#33,POSITIVE_LENGTH_MEASURE(2.E-2),#22);
#2510=PRESENTATION_STYLE_ASSIGNMENT((#2509));
#2511=STYLED_ITEM('',(#2510),#2508);
#2512=DIRECTION('',(0.E0,-6.975647374413E-2,9.975640502598E-1));
#2513=VECTOR('',#2512,3.441682751402E-1);
#2514=CARTESIAN_POINT('',(-1.1E-1,-7.635742721265E-2,2.816701014802E-1));
#2515=LINE('',#2514,#2513);
#2516=CURVE_STYLE('',#33,POSITIVE_LENGTH_MEASURE(2.E-2),#22);
#2517=PRESENTATION_STYLE_ASSIGNMENT((#2516));
#2518=STYLED_ITEM('',(#2517),#2515);
#2519=DIRECTION('',(0.E0,-9.975640502598E-1,-6.975647374412E-2));
#2520=VECTOR('',#2519,1.5E-1);
#2521=CARTESIAN_POINT('',(-1.1E-1,-1.003653924610E-1,6.25E-1));
#2522=LINE('',#2521,#2520);
#2523=CURVE_STYLE('',#33,POSITIVE_LENGTH_MEASURE(2.E-2),#22);
#2524=PRESENTATION_STYLE_ASSIGNMENT((#2523));
#2525=STYLED_ITEM('',(#2524),#2522);
#2526=DIRECTION('',(0.E0,6.975647374413E-2,-9.975640502598E-1));
#2527=VECTOR('',#2526,3.441682751402E-1);
#2528=CARTESIAN_POINT('',(-1.1E-1,-2.5E-1,6.145365289384E-1));
#2529=LINE('',#2528,#2527);
#2530=CURVE_STYLE('',#33,POSITIVE_LENGTH_MEASURE(2.E-2),#22);
#2531=PRESENTATION_STYLE_ASSIGNMENT((#2530));
#2532=STYLED_ITEM('',(#2531),#2529);
#2533=CARTESIAN_POINT('',(-1.1E-1,7.327718032632E-2,2.921335725419E-1));
#2534=DIRECTION('',(-1.E0,0.E0,0.E0));
#2535=DIRECTION('',(0.E0,-1.564344650402E-1,-9.876883405951E-1));
#2536=AXIS2_PLACEMENT_3D('',#2533,#2534,#2535);
#2538=CURVE_STYLE('',#33,POSITIVE_LENGTH_MEASURE(2.E-2),#22);
#2539=PRESENTATION_STYLE_ASSIGNMENT((#2538));
#2540=STYLED_ITEM('',(#2539),#2537);
#2541=DIRECTION('',(0.E0,9.876883405951E-1,-1.564344650402E-1));
#2542=VECTOR('',#2541,1.287028749020E-1);
#2543=CARTESIAN_POINT('',(-1.1E-1,2.634684081425E-2,-4.172929636685E-3));
#2544=LINE('',#2543,#2542);
#2545=CURVE_STYLE('',#33,POSITIVE_LENGTH_MEASURE(2.E-2),#22);
#2546=PRESENTATION_STYLE_ASSIGNMENT((#2545));
#2547=STYLED_ITEM('',(#2546),#2544);
#2548=DIRECTION('',(0.E0,0.E0,-1.E0));
#2549=VECTOR('',#2548,2.025402538896E-1);
#2550=CARTESIAN_POINT('',(-1.1E-1,2.8E-1,-1.724597461104E-1));
#2551=LINE('',#2550,#2549);
#2552=CURVE_STYLE('',#33,POSITIVE_LENGTH_MEASURE(2.E-2),#22);
#2553=PRESENTATION_STYLE_ASSIGNMENT((#2552));
#2554=STYLED_ITEM('',(#2553),#2551);
#2555=DIRECTION('',(0.E0,1.E0,0.E0));
#2556=VECTOR('',#2555,1.5E-1);
#2557=CARTESIAN_POINT('',(-1.1E-1,2.8E-1,-3.75E-1));
#2558=LINE('',#2557,#2556);
#2559=CURVE_STYLE('',#33,POSITIVE_LENGTH_MEASURE(2.E-2),#22);
#2560=PRESENTATION_STYLE_ASSIGNMENT((#2559));
#2561=STYLED_ITEM('',(#2560),#2558);
#2562=DIRECTION('',(0.E0,0.E0,1.E0));
#2563=VECTOR('',#2562,2.025402538896E-1);
#2564=CARTESIAN_POINT('',(-1.1E-1,4.3E-1,-3.75E-1));
#2565=LINE('',#2564,#2563);
#2566=CURVE_STYLE('',#33,POSITIVE_LENGTH_MEASURE(2.E-2),#22);
#2567=PRESENTATION_STYLE_ASSIGNMENT((#2566));
#2568=STYLED_ITEM('',(#2567),#2565);
#2569=DIRECTION('',(-1.E0,0.E0,0.E0));
#2570=VECTOR('',#2569,2.2E-1);
#2571=CARTESIAN_POINT('',(1.1E-1,4.3E-1,-1.724597461104E-1));
#2572=LINE('',#2571,#2570);
#2573=CURVE_STYLE('',#33,POSITIVE_LENGTH_MEASURE(2.E-2),#22);
#2574=PRESENTATION_STYLE_ASSIGNMENT((#2573));
#2575=STYLED_ITEM('',(#2574),#2572);
#2576=DIRECTION('',(1.E0,0.E0,0.E0));
#2577=VECTOR('',#2576,2.2E-1);
#2578=CARTESIAN_POINT('',(-1.1E-1,4.3E-1,-3.75E-1));
#2579=LINE('',#2578,#2577);
#2580=CURVE_STYLE('',#33,POSITIVE_LENGTH_MEASURE(2.E-2),#22);
#2581=PRESENTATION_STYLE_ASSIGNMENT((#2580));
#2582=STYLED_ITEM('',(#2581),#2579);
#2583=DIRECTION('',(1.E0,0.E0,0.E0));
#2584=VECTOR('',#2583,2.2E-1);
#2585=CARTESIAN_POINT('',(-1.1E-1,2.8E-1,-3.75E-1));
#2586=LINE('',#2585,#2584);
#2587=CURVE_STYLE('',#33,POSITIVE_LENGTH_MEASURE(2.E-2),#22);
#2588=PRESENTATION_STYLE_ASSIGNMENT((#2587));
#2589=STYLED_ITEM('',(#2588),#2586);
#2590=DIRECTION('',(1.E0,0.E0,0.E0));
#2591=VECTOR('',#2590,2.2E-1);
#2592=CARTESIAN_POINT('',(-1.1E-1,2.8E-1,-1.724597461104E-1));
#2593=LINE('',#2592,#2591);
#2594=CURVE_STYLE('',#33,POSITIVE_LENGTH_MEASURE(2.E-2),#22);
#2595=PRESENTATION_STYLE_ASSIGNMENT((#2594));
#2596=STYLED_ITEM('',(#2595),#2593);
#2597=CARTESIAN_POINT('',(-1.1E-1,1.3E-1,-1.724597461104E-1));
#2598=DIRECTION('',(1.E0,0.E0,0.E0));
#2599=DIRECTION('',(0.E0,1.E0,0.E0));
#2600=AXIS2_PLACEMENT_3D('',#2597,#2598,#2599);
#2602=CURVE_STYLE('',#33,POSITIVE_LENGTH_MEASURE(2.E-2),#22);
#2603=PRESENTATION_STYLE_ASSIGNMENT((#2602));
#2604=STYLED_ITEM('',(#2603),#2601);
#2605=CARTESIAN_POINT('',(1.1E-1,1.3E-1,-1.724597461104E-1));
#2606=DIRECTION('',(-1.E0,0.E0,0.E0));
#2607=DIRECTION('',(0.E0,1.564344650402E-1,9.876883405951E-1));
#2608=AXIS2_PLACEMENT_3D('',#2605,#2606,#2607);
#2610=CURVE_STYLE('',#33,POSITIVE_LENGTH_MEASURE(2.E-2),#22);
#2611=PRESENTATION_STYLE_ASSIGNMENT((#2610));
#2612=STYLED_ITEM('',(#2611),#2609);
#2613=DIRECTION('',(-1.E0,0.E0,0.E0));
#2614=VECTOR('',#2613,2.2E-1);
#2615=CARTESIAN_POINT('',(1.1E-1,2.634684081425E-2,-4.172929636685E-3));
#2616=LINE('',#2615,#2614);
#2617=CURVE_STYLE('',#33,POSITIVE_LENGTH_MEASURE(2.E-2),#22);
#2618=PRESENTATION_STYLE_ASSIGNMENT((#2617));
#2619=STYLED_ITEM('',(#2618),#2616);
#2620=DIRECTION('',(1.E0,0.E0,0.E0));
#2621=VECTOR('',#2620,2.2E-1);
#2622=CARTESIAN_POINT('',(-1.1E-1,1.534651697560E-1,-2.430649502112E-2));
#2623=LINE('',#2622,#2621);
#2624=CURVE_STYLE('',#33,POSITIVE_LENGTH_MEASURE(2.E-2),#22);
#2625=PRESENTATION_STYLE_ASSIGNMENT((#2624));
#2626=STYLED_ITEM('',(#2625),#2623);
#2627=DIRECTION('',(-1.E0,0.E0,0.E0));
#2628=VECTOR('',#2627,2.2E-1);
#2629=CARTESIAN_POINT('',(1.1E-1,-2.259920347516E-1,2.712066304186E-1));
#2630=LINE('',#2629,#2628);
#2631=CURVE_STYLE('',#33,POSITIVE_LENGTH_MEASURE(2.E-2),#22);
#2632=PRESENTATION_STYLE_ASSIGNMENT((#2631));
#2633=STYLED_ITEM('',(#2632),#2630);
#2634=DIRECTION('',(1.E0,0.E0,0.E0));
#2635=VECTOR('',#2634,2.2E-1);
#2636=CARTESIAN_POINT('',(-1.1E-1,-2.5E-1,6.145365289384E-1));
#2637=LINE('',#2636,#2635);
#2638=CURVE_STYLE('',#33,POSITIVE_LENGTH_MEASURE(2.E-2),#22);
#2639=PRESENTATION_STYLE_ASSIGNMENT((#2638));
#2640=STYLED_ITEM('',(#2639),#2637);
#2641=DIRECTION('',(1.E0,0.E0,0.E0));
#2642=VECTOR('',#2641,2.2E-1);
#2643=CARTESIAN_POINT('',(-1.1E-1,-1.003653924610E-1,6.25E-1));
#2644=LINE('',#2643,#2642);
#2645=CURVE_STYLE('',#33,POSITIVE_LENGTH_MEASURE(2.E-2),#22);
#2646=PRESENTATION_STYLE_ASSIGNMENT((#2645));
#2647=STYLED_ITEM('',(#2646),#2644);
#2648=DIRECTION('',(1.E0,0.E0,0.E0));
#2649=VECTOR('',#2648,2.2E-1);
#2650=CARTESIAN_POINT('',(-1.1E-1,-7.635742721265E-2,2.816701014802E-1));
#2651=LINE('',#2650,#2649);
#2652=CURVE_STYLE('',#33,POSITIVE_LENGTH_MEASURE(2.E-2),#22);
#2653=PRESENTATION_STYLE_ASSIGNMENT((#2652));
#2654=STYLED_ITEM('',(#2653),#2651);
#2655=CARTESIAN_POINT('',(-1.1E-1,7.327718032632E-2,2.921335725419E-1));
#2656=DIRECTION('',(1.E0,0.E0,0.E0));
#2657=DIRECTION('',(0.E0,-9.975640502598E-1,-6.975647374412E-2));
#2658=AXIS2_PLACEMENT_3D('',#2655,#2656,#2657);
#2660=CURVE_STYLE('',#33,POSITIVE_LENGTH_MEASURE(2.E-2),#22);
#2661=PRESENTATION_STYLE_ASSIGNMENT((#2660));
#2662=STYLED_ITEM('',(#2661),#2659);
#2663=CARTESIAN_POINT('',(1.1E-1,7.327718032632E-2,2.921335725419E-1));
#2664=DIRECTION('',(-1.E0,0.E0,0.E0));
#2665=DIRECTION('',(0.E0,-1.564344650402E-1,-9.876883405951E-1));
#2666=AXIS2_PLACEMENT_3D('',#2663,#2664,#2665);
#2668=CURVE_STYLE('',#33,POSITIVE_LENGTH_MEASURE(2.E-2),#22);
#2669=PRESENTATION_STYLE_ASSIGNMENT((#2668));
#2670=STYLED_ITEM('',(#2669),#2667);
#2671=DIRECTION('',(-1.E0,0.E0,0.E0));
#2672=VECTOR('',#2671,2.2E-1);
#2673=CARTESIAN_POINT('',(1.1E-1,1.769303395121E-1,1.238467560682E-1));
#2674=LINE('',#2673,#2672);
#2675=CURVE_STYLE('',#33,POSITIVE_LENGTH_MEASURE(2.E-2),#22);
#2676=PRESENTATION_STYLE_ASSIGNMENT((#2675));
#2677=STYLED_ITEM('',(#2676),#2674);
#2678=DIRECTION('',(1.E0,0.E0,0.E0));
#2679=VECTOR('',#2678,2.2E-1);
#2680=CARTESIAN_POINT('',(-1.1E-1,4.981201057029E-2,1.439803214526E-1));
#2681=LINE('',#2680,#2679);
#2682=CURVE_STYLE('',#33,POSITIVE_LENGTH_MEASURE(2.E-2),#22);
#2683=PRESENTATION_STYLE_ASSIGNMENT((#2682));
#2684=STYLED_ITEM('',(#2683),#2681);
#2685=CARTESIAN_POINT('',(1.1E-1,1.3E-1,-1.724597461104E-1));
#2686=DIRECTION('',(1.E0,0.E0,0.E0));
#2687=DIRECTION('',(0.E0,1.E0,0.E0));
#2688=AXIS2_PLACEMENT_3D('',#2685,#2686,#2687);
#2690=CURVE_STYLE('',#33,POSITIVE_LENGTH_MEASURE(2.E-2),#22);
#2691=PRESENTATION_STYLE_ASSIGNMENT((#2690));
#2692=STYLED_ITEM('',(#2691),#2689);
#2693=DIRECTION('',(0.E0,0.E0,1.E0));
#2694=VECTOR('',#2693,2.025402538896E-1);
#2695=CARTESIAN_POINT('',(1.1E-1,4.3E-1,-3.75E-1));
#2696=LINE('',#2695,#2694);
#2697=CURVE_STYLE('',#33,POSITIVE_LENGTH_MEASURE(2.E-2),#22);
#2698=PRESENTATION_STYLE_ASSIGNMENT((#2697));
#2699=STYLED_ITEM('',(#2698),#2696);
#2700=DIRECTION('',(0.E0,1.E0,0.E0));
#2701=VECTOR('',#2700,1.5E-1);
#2702=CARTESIAN_POINT('',(1.1E-1,2.8E-1,-3.75E-1));
#2703=LINE('',#2702,#2701);
#2704=CURVE_STYLE('',#33,POSITIVE_LENGTH_MEASURE(2.E-2),#22);
#2705=PRESENTATION_STYLE_ASSIGNMENT((#2704));
#2706=STYLED_ITEM('',(#2705),#2703);
#2707=DIRECTION('',(0.E0,0.E0,-1.E0));
#2708=VECTOR('',#2707,2.025402538896E-1);
#2709=CARTESIAN_POINT('',(1.1E-1,2.8E-1,-1.724597461104E-1));
#2710=LINE('',#2709,#2708);
#2711=CURVE_STYLE('',#33,POSITIVE_LENGTH_MEASURE(2.E-2),#22);
#2712=PRESENTATION_STYLE_ASSIGNMENT((#2711));
#2713=STYLED_ITEM('',(#2712),#2710);
#2714=DIRECTION('',(0.E0,-9.876883405951E-1,1.564344650402E-1));
#2715=VECTOR('',#2714,1.287028749020E-1);
#2716=CARTESIAN_POINT('',(1.1E-1,1.534651697560E-1,-2.430649502112E-2));
#2717=LINE('',#2716,#2715);
#2718=CURVE_STYLE('',#33,POSITIVE_LENGTH_MEASURE(2.E-2),#22);
#2719=PRESENTATION_STYLE_ASSIGNMENT((#2718));
#2720=STYLED_ITEM('',(#2719),#2717);
#2721=CARTESIAN_POINT('',(1.1E-1,7.327718032632E-2,2.921335725419E-1));
#2722=DIRECTION('',(1.E0,0.E0,0.E0));
#2723=DIRECTION('',(0.E0,-9.975640502598E-1,-6.975647374412E-2));
#2724=AXIS2_PLACEMENT_3D('',#2721,#2722,#2723);
#2726=CURVE_STYLE('',#33,POSITIVE_LENGTH_MEASURE(2.E-2),#22);
#2727=PRESENTATION_STYLE_ASSIGNMENT((#2726));
#2728=STYLED_ITEM('',(#2727),#2725);
#2729=DIRECTION('',(0.E0,6.975647374413E-2,-9.975640502598E-1));
#2730=VECTOR('',#2729,3.441682751402E-1);
#2731=CARTESIAN_POINT('',(1.1E-1,-2.5E-1,6.145365289384E-1));
#2732=LINE('',#2731,#2730);
#2733=CURVE_STYLE('',#33,POSITIVE_LENGTH_MEASURE(2.E-2),#22);
#2734=PRESENTATION_STYLE_ASSIGNMENT((#2733));
#2735=STYLED_ITEM('',(#2734),#2732);
#2736=DIRECTION('',(0.E0,-9.975640502598E-1,-6.975647374412E-2));
#2737=VECTOR('',#2736,1.5E-1);
#2738=CARTESIAN_POINT('',(1.1E-1,-1.003653924610E-1,6.25E-1));
#2739=LINE('',#2738,#2737);
#2740=CURVE_STYLE('',#33,POSITIVE_LENGTH_MEASURE(2.E-2),#22);
#2741=PRESENTATION_STYLE_ASSIGNMENT((#2740));
#2742=STYLED_ITEM('',(#2741),#2739);
#2743=DIRECTION('',(0.E0,-6.975647374413E-2,9.975640502598E-1));
#2744=VECTOR('',#2743,3.441682751402E-1);
#2745=CARTESIAN_POINT('',(1.1E-1,-7.635742721265E-2,2.816701014802E-1));
#2746=LINE('',#2745,#2744);
#2747=CURVE_STYLE('',#33,POSITIVE_LENGTH_MEASURE(2.E-2),#22);
#2748=PRESENTATION_STYLE_ASSIGNMENT((#2747));
#2749=STYLED_ITEM('',(#2748),#2746);
#2750=DIRECTION('',(0.E0,9.876883405951E-1,-1.564344650402E-1));
#2751=VECTOR('',#2750,1.287028749020E-1);
#2752=CARTESIAN_POINT('',(1.1E-1,4.981201057029E-2,1.439803214526E-1));
#2753=LINE('',#2752,#2751);
#2754=CURVE_STYLE('',#33,POSITIVE_LENGTH_MEASURE(2.E-2),#22);
#2755=PRESENTATION_STYLE_ASSIGNMENT((#2754));
#2756=STYLED_ITEM('',(#2755),#2753);
#2757=CARTESIAN_POINT('',(-1.1E-1,-1.003653924610E-1,6.25E-1));
#2758=CARTESIAN_POINT('',(-1.1E-1,-2.5E-1,6.145365289384E-1));
#2759=VERTEX_POINT('',#2757);
#2760=VERTEX_POINT('',#2758);
#2761=CARTESIAN_POINT('',(1.1E-1,-1.003653924610E-1,6.25E-1));
#2762=CARTESIAN_POINT('',(1.1E-1,-2.5E-1,6.145365289384E-1));
#2763=VERTEX_POINT('',#2761);
#2764=VERTEX_POINT('',#2762);
#2765=CARTESIAN_POINT('',(-1.1E-1,2.8E-1,-3.75E-1));
#2766=CARTESIAN_POINT('',(-1.1E-1,4.3E-1,-3.75E-1));
#2767=VERTEX_POINT('',#2765);
#2768=VERTEX_POINT('',#2766);
#2769=CARTESIAN_POINT('',(1.1E-1,2.8E-1,-3.75E-1));
#2770=CARTESIAN_POINT('',(1.1E-1,4.3E-1,-3.75E-1));
#2771=VERTEX_POINT('',#2769);
#2772=VERTEX_POINT('',#2770);
#2773=CARTESIAN_POINT('',(-1.1E-1,-7.635742721265E-2,2.816701014802E-1));
#2774=CARTESIAN_POINT('',(1.1E-1,-7.635742721265E-2,2.816701014802E-1));
#2775=VERTEX_POINT('',#2773);
#2776=VERTEX_POINT('',#2774);
#2777=CARTESIAN_POINT('',(-1.1E-1,4.981201057029E-2,1.439803214526E-1));
#2778=CARTESIAN_POINT('',(1.1E-1,4.981201057029E-2,1.439803214526E-1));
#2779=VERTEX_POINT('',#2777);
#2780=VERTEX_POINT('',#2778);
#2781=CARTESIAN_POINT('',(-1.1E-1,2.8E-1,-1.724597461104E-1));
#2782=CARTESIAN_POINT('',(1.1E-1,2.8E-1,-1.724597461104E-1));
#2783=VERTEX_POINT('',#2781);
#2784=VERTEX_POINT('',#2782);
#2785=CARTESIAN_POINT('',(-1.1E-1,1.534651697560E-1,-2.430649502112E-2));
#2786=CARTESIAN_POINT('',(1.1E-1,1.534651697560E-1,-2.430649502112E-2));
#2787=VERTEX_POINT('',#2785);
#2788=VERTEX_POINT('',#2786);
#2789=CARTESIAN_POINT('',(-1.1E-1,1.769303395121E-1,1.238467560682E-1));
#2790=CARTESIAN_POINT('',(-1.1E-1,4.3E-1,-1.724597461104E-1));
#2791=VERTEX_POINT('',#2789);
#2792=VERTEX_POINT('',#2790);
#2793=CARTESIAN_POINT('',(1.1E-1,4.3E-1,-1.724597461104E-1));
#2794=VERTEX_POINT('',#2793);
#2795=CARTESIAN_POINT('',(1.1E-1,1.769303395121E-1,1.238467560682E-1));
#2796=VERTEX_POINT('',#2795);
#2797=CARTESIAN_POINT('',(-1.1E-1,2.634684081425E-2,-4.172929636685E-3));
#2798=CARTESIAN_POINT('',(-1.1E-1,-2.259920347516E-1,2.712066304186E-1));
#2799=VERTEX_POINT('',#2797);
#2800=VERTEX_POINT('',#2798);
#2801=CARTESIAN_POINT('',(1.1E-1,-2.259920347516E-1,2.712066304186E-1));
#2802=VERTEX_POINT('',#2801);
#2803=CARTESIAN_POINT('',(1.1E-1,2.634684081425E-2,-4.172929636685E-3));
#2804=VERTEX_POINT('',#2803);
#2805=CARTESIAN_POINT('',(-1.1E-1,0.E0,0.E0));
#2806=DIRECTION('',(1.E0,0.E0,0.E0));
#2807=DIRECTION('',(0.E0,0.E0,-1.E0));
#2808=AXIS2_PLACEMENT_3D('',#2805,#2806,#2807);
#2809=PLANE('',#2808);
#2811=ORIENTED_EDGE('',*,*,#2810,.F.);
#2813=ORIENTED_EDGE('',*,*,#2812,.T.);
#2815=ORIENTED_EDGE('',*,*,#2814,.F.);
#2817=ORIENTED_EDGE('',*,*,#2816,.T.);
#2819=ORIENTED_EDGE('',*,*,#2818,.T.);
#2821=ORIENTED_EDGE('',*,*,#2820,.T.);
#2823=ORIENTED_EDGE('',*,*,#2822,.F.);
#2825=ORIENTED_EDGE('',*,*,#2824,.T.);
#2827=ORIENTED_EDGE('',*,*,#2826,.F.);
#2829=ORIENTED_EDGE('',*,*,#2828,.T.);
#2831=ORIENTED_EDGE('',*,*,#2830,.T.);
#2833=ORIENTED_EDGE('',*,*,#2832,.T.);
#2834=EDGE_LOOP('',(#2811,#2813,#2815,#2817,#2819,#2821,#2823,#2825,#2827,#2829,
#2831,#2833));
#2835=FACE_OUTER_BOUND('',#2834,.F.);
#2836=ADVANCED_FACE('',(#2835),#2809,.F.);
#2837=CARTESIAN_POINT('',(4.92984E-1,1.3E-1,-1.724597461104E-1));
#2838=DIRECTION('',(-1.E0,0.E0,0.E0));
#2839=DIRECTION('',(0.E0,1.564344650402E-1,9.876883405951E-1));
#2840=AXIS2_PLACEMENT_3D('',#2837,#2838,#2839);
#2841=CYLINDRICAL_SURFACE('',#2840,3.E-1);
#2842=ORIENTED_EDGE('',*,*,#2810,.T.);
#2844=ORIENTED_EDGE('',*,*,#2843,.F.);
#2846=ORIENTED_EDGE('',*,*,#2845,.T.);
#2848=ORIENTED_EDGE('',*,*,#2847,.T.);
#2849=EDGE_LOOP('',(#2842,#2844,#2846,#2848));
#2850=FACE_OUTER_BOUND('',#2849,.F.);
#2851=ADVANCED_FACE('',(#2850),#2841,.T.);
#2852=CARTESIAN_POINT('',(-1.1E-1,4.3E-1,-3.75E-1));
#2853=DIRECTION('',(0.E0,1.E0,0.E0));
#2854=DIRECTION('',(0.E0,0.E0,1.E0));
#2855=AXIS2_PLACEMENT_3D('',#2852,#2853,#2854);
#2856=PLANE('',#2855);
#2857=ORIENTED_EDGE('',*,*,#2843,.T.);
#2858=ORIENTED_EDGE('',*,*,#2832,.F.);
#2860=ORIENTED_EDGE('',*,*,#2859,.T.);
#2862=ORIENTED_EDGE('',*,*,#2861,.T.);
#2863=EDGE_LOOP('',(#2857,#2858,#2860,#2862));
#2864=FACE_OUTER_BOUND('',#2863,.F.);
#2865=ADVANCED_FACE('',(#2864),#2856,.T.);
#2866=CARTESIAN_POINT('',(-1.1E-1,2.8E-1,-3.75E-1));
#2867=DIRECTION('',(0.E0,0.E0,-1.E0));
#2868=DIRECTION('',(0.E0,1.E0,0.E0));
#2869=AXIS2_PLACEMENT_3D('',#2866,#2867,#2868);
#2870=PLANE('',#2869);
#2871=ORIENTED_EDGE('',*,*,#2830,.F.);
#2873=ORIENTED_EDGE('',*,*,#2872,.T.);
#2875=ORIENTED_EDGE('',*,*,#2874,.T.);
#2876=ORIENTED_EDGE('',*,*,#2859,.F.);
#2877=EDGE_LOOP('',(#2871,#2873,#2875,#2876));
#2878=FACE_OUTER_BOUND('',#2877,.F.);
#2879=ADVANCED_FACE('',(#2878),#2870,.T.);
#2880=CARTESIAN_POINT('',(-1.1E-1,2.8E-1,-4.434764329087E-2));
#2881=DIRECTION('',(0.E0,-1.E0,0.E0));
#2882=DIRECTION('',(0.E0,0.E0,-1.E0));
#2883=AXIS2_PLACEMENT_3D('',#2880,#2881,#2882);
#2884=PLANE('',#2883);
#2886=ORIENTED_EDGE('',*,*,#2885,.T.);
#2888=ORIENTED_EDGE('',*,*,#2887,.T.);
#2889=ORIENTED_EDGE('',*,*,#2872,.F.);
#2890=ORIENTED_EDGE('',*,*,#2828,.F.);
#2891=EDGE_LOOP('',(#2886,#2888,#2889,#2890));
#2892=FACE_OUTER_BOUND('',#2891,.F.);
#2893=ADVANCED_FACE('',(#2892),#2884,.T.);
#2894=CARTESIAN_POINT('',(-3.96792E-1,1.3E-1,-1.724597461104E-1));
#2895=DIRECTION('',(1.E0,0.E0,0.E0));
#2896=DIRECTION('',(0.E0,1.E0,0.E0));
#2897=AXIS2_PLACEMENT_3D('',#2894,#2895,#2896);
#2898=CYLINDRICAL_SURFACE('',#2897,1.5E-1);
#2899=ORIENTED_EDGE('',*,*,#2885,.F.);
#2900=ORIENTED_EDGE('',*,*,#2826,.T.);
#2902=ORIENTED_EDGE('',*,*,#2901,.T.);
#2904=ORIENTED_EDGE('',*,*,#2903,.T.);
#2905=EDGE_LOOP('',(#2899,#2900,#2902,#2904));
#2906=FACE_OUTER_BOUND('',#2905,.F.);
#2907=ADVANCED_FACE('',(#2906),#2898,.F.);
#2908=CARTESIAN_POINT('',(-1.1E-1,-2.093459933608E-1,3.315714799263E-2));
#2909=DIRECTION('',(0.E0,-1.564344650402E-1,-9.876883405951E-1));
#2910=DIRECTION('',(0.E0,9.876883405951E-1,-1.564344650402E-1));
#2911=AXIS2_PLACEMENT_3D('',#2908,#2909,#2910);
#2912=PLANE('',#2911);
#2914=ORIENTED_EDGE('',*,*,#2913,.F.);
#2916=ORIENTED_EDGE('',*,*,#2915,.F.);
#2917=ORIENTED_EDGE('',*,*,#2901,.F.);
#2918=ORIENTED_EDGE('',*,*,#2824,.F.);
#2919=EDGE_LOOP('',(#2914,#2916,#2917,#2918));
#2920=FACE_OUTER_BOUND('',#2919,.F.);
#2921=ADVANCED_FACE('',(#2920),#2912,.T.);
#2922=CARTESIAN_POINT('',(4.92984E-1,7.327718032632E-2,2.921335725419E-1));
#2923=DIRECTION('',(-1.E0,0.E0,0.E0));
#2924=DIRECTION('',(0.E0,-1.564344650402E-1,-9.876883405951E-1));
#2925=AXIS2_PLACEMENT_3D('',#2922,#2923,#2924);
#2926=CYLINDRICAL_SURFACE('',#2925,3.E-1);
#2927=ORIENTED_EDGE('',*,*,#2822,.T.);
#2929=ORIENTED_EDGE('',*,*,#2928,.F.);
#2931=ORIENTED_EDGE('',*,*,#2930,.T.);
#2932=ORIENTED_EDGE('',*,*,#2913,.T.);
#2933=EDGE_LOOP('',(#2927,#2929,#2931,#2932));
#2934=FACE_OUTER_BOUND('',#2933,.F.);
#2935=ADVANCED_FACE('',(#2934),#2926,.T.);
#2936=CARTESIAN_POINT('',(-1.1E-1,-2.5E-1,6.145365289384E-1));
#2937=DIRECTION('',(0.E0,-9.975640502598E-1,-6.975647374413E-2));
#2938=DIRECTION('',(0.E0,6.975647374413E-2,-9.975640502598E-1));
#2939=AXIS2_PLACEMENT_3D('',#2936,#2937,#2938);
#2940=PLANE('',#2939);
#2941=ORIENTED_EDGE('',*,*,#2928,.T.);
#2942=ORIENTED_EDGE('',*,*,#2820,.F.);
#2944=ORIENTED_EDGE('',*,*,#2943,.T.);
#2946=ORIENTED_EDGE('',*,*,#2945,.T.);
#2947=EDGE_LOOP('',(#2941,#2942,#2944,#2946));
#2948=FACE_OUTER_BOUND('',#2947,.F.);
#2949=ADVANCED_FACE('',(#2948),#2940,.T.);
#2950=CARTESIAN_POINT('',(-1.1E-1,-1.003653924610E-1,6.25E-1));
#2951=DIRECTION('',(0.E0,-6.975647374412E-2,9.975640502598E-1));
#2952=DIRECTION('',(0.E0,-9.975640502598E-1,-6.975647374412E-2));
#2953=AXIS2_PLACEMENT_3D('',#2950,#2951,#2952);
#2954=PLANE('',#2953);
#2955=ORIENTED_EDGE('',*,*,#2818,.F.);
#2957=ORIENTED_EDGE('',*,*,#2956,.T.);
#2959=ORIENTED_EDGE('',*,*,#2958,.T.);
#2960=ORIENTED_EDGE('',*,*,#2943,.F.);
#2961=EDGE_LOOP('',(#2955,#2957,#2959,#2960));
#2962=FACE_OUTER_BOUND('',#2961,.F.);
#2963=ADVANCED_FACE('',(#2962),#2954,.T.);
#2964=CARTESIAN_POINT('',(-1.1E-1,-6.803440651722E-2,1.626453602672E-1));
#2965=DIRECTION('',(0.E0,9.975640502598E-1,6.975647374413E-2));
#2966=DIRECTION('',(0.E0,-6.975647374413E-2,9.975640502598E-1));
#2967=AXIS2_PLACEMENT_3D('',#2964,#2965,#2966);
#2968=PLANE('',#2967);
#2970=ORIENTED_EDGE('',*,*,#2969,.T.);
#2972=ORIENTED_EDGE('',*,*,#2971,.T.);
#2973=ORIENTED_EDGE('',*,*,#2956,.F.);
#2974=ORIENTED_EDGE('',*,*,#2816,.F.);
#2975=EDGE_LOOP('',(#2970,#2972,#2973,#2974));
#2976=FACE_OUTER_BOUND('',#2975,.F.);
#2977=ADVANCED_FACE('',(#2976),#2968,.T.);
#2978=CARTESIAN_POINT('',(-3.96792E-1,7.327718032632E-2,2.921335725419E-1));
#2979=DIRECTION('',(1.E0,0.E0,0.E0));
#2980=DIRECTION('',(0.E0,-9.975640502598E-1,-6.975647374413E-2));
#2981=AXIS2_PLACEMENT_3D('',#2978,#2979,#2980);
#2982=CYLINDRICAL_SURFACE('',#2981,1.5E-1);
#2983=ORIENTED_EDGE('',*,*,#2969,.F.);
#2984=ORIENTED_EDGE('',*,*,#2814,.T.);
#2986=ORIENTED_EDGE('',*,*,#2985,.T.);
#2988=ORIENTED_EDGE('',*,*,#2987,.T.);
#2989=EDGE_LOOP('',(#2983,#2984,#2986,#2988));
#2990=FACE_OUTER_BOUND('',#2989,.F.);
#2991=ADVANCED_FACE('',(#2990),#2982,.F.);
#2992=CARTESIAN_POINT('',(-1.1E-1,2.346516975603E-2,1.481532510893E-1));
#2993=DIRECTION('',(0.E0,1.564344650402E-1,9.876883405951E-1));
#2994=DIRECTION('',(0.E0,-9.876883405951E-1,1.564344650402E-1));
#2995=AXIS2_PLACEMENT_3D('',#2992,#2993,#2994);
#2996=PLANE('',#2995);
#2997=ORIENTED_EDGE('',*,*,#2847,.F.);
#2999=ORIENTED_EDGE('',*,*,#2998,.F.);
#3000=ORIENTED_EDGE('',*,*,#2985,.F.);
#3001=ORIENTED_EDGE('',*,*,#2812,.F.);
#3002=EDGE_LOOP('',(#2997,#2999,#3000,#3001));
#3003=FACE_OUTER_BOUND('',#3002,.F.);
#3004=ADVANCED_FACE('',(#3003),#2996,.T.);
#3005=CARTESIAN_POINT('',(1.1E-1,0.E0,0.E0));
#3006=DIRECTION('',(1.E0,0.E0,0.E0));
#3007=DIRECTION('',(0.E0,0.E0,-1.E0));
#3008=AXIS2_PLACEMENT_3D('',#3005,#3006,#3007);
#3009=PLANE('',#3008);
#3010=ORIENTED_EDGE('',*,*,#2845,.F.);
#3011=ORIENTED_EDGE('',*,*,#2861,.F.);
#3012=ORIENTED_EDGE('',*,*,#2874,.F.);
#3013=ORIENTED_EDGE('',*,*,#2887,.F.);
#3014=ORIENTED_EDGE('',*,*,#2903,.F.);
#3015=ORIENTED_EDGE('',*,*,#2915,.T.);
#3016=ORIENTED_EDGE('',*,*,#2930,.F.);
#3017=ORIENTED_EDGE('',*,*,#2945,.F.);
#3018=ORIENTED_EDGE('',*,*,#2958,.F.);
#3019=ORIENTED_EDGE('',*,*,#2971,.F.);
#3020=ORIENTED_EDGE('',*,*,#2987,.F.);
#3021=ORIENTED_EDGE('',*,*,#2998,.T.);
#3022=EDGE_LOOP('',(#3010,#3011,#3012,#3013,#3014,#3015,#3016,#3017,#3018,#3019,
#3020,#3021));
#3023=FACE_OUTER_BOUND('',#3022,.F.);
#3024=ADVANCED_FACE('',(#3023),#3009,.T.);
#3025=CLOSED_SHELL('',(#2836,#2851,#2865,#2879,#2893,#2907,#2921,#2935,#2949,
#2963,#2977,#2991,#3004,#3024));
#3026=MANIFOLD_SOLID_BREP('',#3025);
#3027=FILL_AREA_STYLE_COLOUR('',#22);
#3028=FILL_AREA_STYLE('',(#3027));
#3029=SURFACE_STYLE_FILL_AREA(#3028);
#3030=SURFACE_SIDE_STYLE('',(#3029));
#3031=SURFACE_STYLE_USAGE(.BOTH.,#3030);
#3032=PRESENTATION_STYLE_ASSIGNMENT((#3031));
#2496=STYLED_ITEM('',(#3032),#3026);
#3034=DIMENSIONAL_EXPONENTS(0.E0,0.E0,0.E0,0.E0,0.E0,0.E0,0.E0);
#3036=PLANE_ANGLE_MEASURE_WITH_UNIT(PLANE_ANGLE_MEASURE(1.745329251994E-2),
#3035);
#3037=(CONVERSION_BASED_UNIT('DEGREE',#3036)NAMED_UNIT(*)PLANE_ANGLE_UNIT());
#3039=UNCERTAINTY_MEASURE_WITH_UNIT(LENGTH_MEASURE(1.229096879183E-4),#3033,
'closure',
'Maximum model space distance between geometric entities at asserted connectivities');
#3040=(GEOMETRIC_REPRESENTATION_CONTEXT(3)GLOBAL_UNCERTAINTY_ASSIGNED_CONTEXT((
#3039))GLOBAL_UNIT_ASSIGNED_CONTEXT((#3033,#3037,#3038))REPRESENTATION_CONTEXT(
'ID2','3'));
#3041=CARTESIAN_POINT('',(0.E0,0.E0,0.E0));
#3042=DIRECTION('',(0.E0,0.E0,1.E0));
#3043=DIRECTION('',(1.E0,0.E0,0.E0));
#3046=MECHANICAL_CONTEXT('',#2475,'mechanical');
#3047=PRODUCT('LEAD-TSSOP','LEAD-TSSOP','NOT SPECIFIED',(#3046));
#3048=PRODUCT_DEFINITION_FORMATION_WITH_SPECIFIED_SOURCE('11','LAST_VERSION',
#3047,.MADE.);
#3054=CARTESIAN_POINT('',(-3.425E0,6.75E0,2.5E-1));
#3055=DIRECTION('',(-1.E0,0.E0,0.E0));
#3056=DIRECTION('',(0.E0,-1.E0,0.E0));
#3057=AXIS2_PLACEMENT_3D('',#3054,#3055,#3056);
#3058=ITEM_DEFINED_TRANSFORMATION('','',#3044,#3057);
#3059=(REPRESENTATION_RELATIONSHIP('','',#3045,#2486)REPRESENTATION_RELATIONSHIP_WITH_TRANSFORMATION(#3058)SHAPE_REPRESENTATION_RELATIONSHIP());
#3060=CONTEXT_DEPENDENT_SHAPE_REPRESENTATION(#3059,#3053);
#3063=CARTESIAN_POINT('',(-3.425E0,6.25E0,2.5E-1));
#3064=DIRECTION('',(-1.E0,0.E0,0.E0));
#3065=DIRECTION('',(0.E0,-1.E0,0.E0));
#3066=AXIS2_PLACEMENT_3D('',#3063,#3064,#3065);
#3067=ITEM_DEFINED_TRANSFORMATION('','',#3044,#3066);
#3068=(REPRESENTATION_RELATIONSHIP('','',#3045,#2486)REPRESENTATION_RELATIONSHIP_WITH_TRANSFORMATION(#3067)SHAPE_REPRESENTATION_RELATIONSHIP());
#3069=CONTEXT_DEPENDENT_SHAPE_REPRESENTATION(#3068,#3062);
#3072=CARTESIAN_POINT('',(-3.425E0,5.75E0,2.5E-1));
#3073=DIRECTION('',(-1.E0,0.E0,0.E0));
#3074=DIRECTION('',(0.E0,-1.E0,0.E0));
#3075=AXIS2_PLACEMENT_3D('',#3072,#3073,#3074);
#3076=ITEM_DEFINED_TRANSFORMATION('','',#3044,#3075);
#3077=(REPRESENTATION_RELATIONSHIP('','',#3045,#2486)REPRESENTATION_RELATIONSHIP_WITH_TRANSFORMATION(#3076)SHAPE_REPRESENTATION_RELATIONSHIP());
#3078=CONTEXT_DEPENDENT_SHAPE_REPRESENTATION(#3077,#3071);
#3081=CARTESIAN_POINT('',(-3.425E0,5.25E0,2.5E-1));
#3082=DIRECTION('',(-1.E0,0.E0,0.E0));
#3083=DIRECTION('',(0.E0,-1.E0,0.E0));
#3084=AXIS2_PLACEMENT_3D('',#3081,#3082,#3083);
#3085=ITEM_DEFINED_TRANSFORMATION('','',#3044,#3084);
#3086=(REPRESENTATION_RELATIONSHIP('','',#3045,#2486)REPRESENTATION_RELATIONSHIP_WITH_TRANSFORMATION(#3085)SHAPE_REPRESENTATION_RELATIONSHIP());
#3087=CONTEXT_DEPENDENT_SHAPE_REPRESENTATION(#3086,#3080);
#3090=CARTESIAN_POINT('',(-3.425E0,4.75E0,2.5E-1));
#3091=DIRECTION('',(-1.E0,0.E0,0.E0));
#3092=DIRECTION('',(0.E0,-1.E0,0.E0));
#3093=AXIS2_PLACEMENT_3D('',#3090,#3091,#3092);
#3094=ITEM_DEFINED_TRANSFORMATION('','',#3044,#3093);
#3095=(REPRESENTATION_RELATIONSHIP('','',#3045,#2486)REPRESENTATION_RELATIONSHIP_WITH_TRANSFORMATION(#3094)SHAPE_REPRESENTATION_RELATIONSHIP());
#3096=CONTEXT_DEPENDENT_SHAPE_REPRESENTATION(#3095,#3089);
#3099=CARTESIAN_POINT('',(-3.425E0,4.25E0,2.5E-1));
#3100=DIRECTION('',(-1.E0,0.E0,0.E0));
#3101=DIRECTION('',(0.E0,-1.E0,0.E0));
#3102=AXIS2_PLACEMENT_3D('',#3099,#3100,#3101);
#3103=ITEM_DEFINED_TRANSFORMATION('','',#3044,#3102);
#3104=(REPRESENTATION_RELATIONSHIP('','',#3045,#2486)REPRESENTATION_RELATIONSHIP_WITH_TRANSFORMATION(#3103)SHAPE_REPRESENTATION_RELATIONSHIP());
#3105=CONTEXT_DEPENDENT_SHAPE_REPRESENTATION(#3104,#3098);
#3108=CARTESIAN_POINT('',(-3.425E0,3.75E0,2.5E-1));
#3109=DIRECTION('',(-1.E0,0.E0,0.E0));
#3110=DIRECTION('',(0.E0,-1.E0,0.E0));
#3111=AXIS2_PLACEMENT_3D('',#3108,#3109,#3110);
#3112=ITEM_DEFINED_TRANSFORMATION('','',#3044,#3111);
#3113=(REPRESENTATION_RELATIONSHIP('','',#3045,#2486)REPRESENTATION_RELATIONSHIP_WITH_TRANSFORMATION(#3112)SHAPE_REPRESENTATION_RELATIONSHIP());
#3114=CONTEXT_DEPENDENT_SHAPE_REPRESENTATION(#3113,#3107);
#3117=CARTESIAN_POINT('',(-3.425E0,3.25E0,2.5E-1));
#3118=DIRECTION('',(-1.E0,0.E0,0.E0));
#3119=DIRECTION('',(0.E0,-1.E0,0.E0));
#3120=AXIS2_PLACEMENT_3D('',#3117,#3118,#3119);
#3121=ITEM_DEFINED_TRANSFORMATION('','',#3044,#3120);
#3122=(REPRESENTATION_RELATIONSHIP('','',#3045,#2486)REPRESENTATION_RELATIONSHIP_WITH_TRANSFORMATION(#3121)SHAPE_REPRESENTATION_RELATIONSHIP());
#3123=CONTEXT_DEPENDENT_SHAPE_REPRESENTATION(#3122,#3116);
#3126=CARTESIAN_POINT('',(-3.425E0,2.75E0,2.5E-1));
#3127=DIRECTION('',(-1.E0,0.E0,0.E0));
#3128=DIRECTION('',(0.E0,-1.E0,0.E0));
#3129=AXIS2_PLACEMENT_3D('',#3126,#3127,#3128);
#3130=ITEM_DEFINED_TRANSFORMATION('','',#3044,#3129);
#3131=(REPRESENTATION_RELATIONSHIP('','',#3045,#2486)REPRESENTATION_RELATIONSHIP_WITH_TRANSFORMATION(#3130)SHAPE_REPRESENTATION_RELATIONSHIP());
#3132=CONTEXT_DEPENDENT_SHAPE_REPRESENTATION(#3131,#3125);
#3135=CARTESIAN_POINT('',(-3.425E0,2.25E0,2.5E-1));
#3136=DIRECTION('',(-1.E0,0.E0,0.E0));
#3137=DIRECTION('',(0.E0,-1.E0,0.E0));
#3138=AXIS2_PLACEMENT_3D('',#3135,#3136,#3137);
#3139=ITEM_DEFINED_TRANSFORMATION('','',#3044,#3138);
#3140=(REPRESENTATION_RELATIONSHIP('','',#3045,#2486)REPRESENTATION_RELATIONSHIP_WITH_TRANSFORMATION(#3139)SHAPE_REPRESENTATION_RELATIONSHIP());
#3141=CONTEXT_DEPENDENT_SHAPE_REPRESENTATION(#3140,#3134);
#3144=CARTESIAN_POINT('',(-3.425E0,1.75E0,2.5E-1));
#3145=DIRECTION('',(-1.E0,0.E0,0.E0));
#3146=DIRECTION('',(0.E0,-1.E0,0.E0));
#3147=AXIS2_PLACEMENT_3D('',#3144,#3145,#3146);
#3148=ITEM_DEFINED_TRANSFORMATION('','',#3044,#3147);
#3149=(REPRESENTATION_RELATIONSHIP('','',#3045,#2486)REPRESENTATION_RELATIONSHIP_WITH_TRANSFORMATION(#3148)SHAPE_REPRESENTATION_RELATIONSHIP());
#3150=CONTEXT_DEPENDENT_SHAPE_REPRESENTATION(#3149,#3143);
#3153=CARTESIAN_POINT('',(-3.425E0,1.25E0,2.5E-1));
#3154=DIRECTION('',(-1.E0,0.E0,0.E0));
#3155=DIRECTION('',(0.E0,-1.E0,0.E0));
#3156=AXIS2_PLACEMENT_3D('',#3153,#3154,#3155);
#3157=ITEM_DEFINED_TRANSFORMATION('','',#3044,#3156);
#3158=(REPRESENTATION_RELATIONSHIP('','',#3045,#2486)REPRESENTATION_RELATIONSHIP_WITH_TRANSFORMATION(#3157)SHAPE_REPRESENTATION_RELATIONSHIP());
#3159=CONTEXT_DEPENDENT_SHAPE_REPRESENTATION(#3158,#3152);
#3162=CARTESIAN_POINT('',(-3.425E0,7.5E-1,2.5E-1));
#3163=DIRECTION('',(-1.E0,0.E0,0.E0));
#3164=DIRECTION('',(0.E0,-1.E0,0.E0));
#3165=AXIS2_PLACEMENT_3D('',#3162,#3163,#3164);
#3166=ITEM_DEFINED_TRANSFORMATION('','',#3044,#3165);
#3167=(REPRESENTATION_RELATIONSHIP('','',#3045,#2486)REPRESENTATION_RELATIONSHIP_WITH_TRANSFORMATION(#3166)SHAPE_REPRESENTATION_RELATIONSHIP());
#3168=CONTEXT_DEPENDENT_SHAPE_REPRESENTATION(#3167,#3161);
#3171=CARTESIAN_POINT('',(-3.425E0,2.5E-1,2.5E-1));
#3172=DIRECTION('',(-1.E0,0.E0,0.E0));
#3173=DIRECTION('',(0.E0,-1.E0,0.E0));
#3174=AXIS2_PLACEMENT_3D('',#3171,#3172,#3173);
#3175=ITEM_DEFINED_TRANSFORMATION('','',#3044,#3174);
#3176=(REPRESENTATION_RELATIONSHIP('','',#3045,#2486)REPRESENTATION_RELATIONSHIP_WITH_TRANSFORMATION(#3175)SHAPE_REPRESENTATION_RELATIONSHIP());
#3177=CONTEXT_DEPENDENT_SHAPE_REPRESENTATION(#3176,#3170);
#3180=CARTESIAN_POINT('',(-3.425E0,-2.5E-1,2.5E-1));
#3181=DIRECTION('',(-1.E0,0.E0,0.E0));
#3182=DIRECTION('',(0.E0,-1.E0,0.E0));
#3183=AXIS2_PLACEMENT_3D('',#3180,#3181,#3182);
#3184=ITEM_DEFINED_TRANSFORMATION('','',#3044,#3183);
#3185=(REPRESENTATION_RELATIONSHIP('','',#3045,#2486)REPRESENTATION_RELATIONSHIP_WITH_TRANSFORMATION(#3184)SHAPE_REPRESENTATION_RELATIONSHIP());
#3186=CONTEXT_DEPENDENT_SHAPE_REPRESENTATION(#3185,#3179);
#3189=CARTESIAN_POINT('',(-3.425E0,-7.5E-1,2.5E-1));
#3190=DIRECTION('',(-1.E0,0.E0,0.E0));
#3191=DIRECTION('',(0.E0,-1.E0,0.E0));
#3192=AXIS2_PLACEMENT_3D('',#3189,#3190,#3191);
#3193=ITEM_DEFINED_TRANSFORMATION('','',#3044,#3192);
#3194=(REPRESENTATION_RELATIONSHIP('','',#3045,#2486)REPRESENTATION_RELATIONSHIP_WITH_TRANSFORMATION(#3193)SHAPE_REPRESENTATION_RELATIONSHIP());
#3195=CONTEXT_DEPENDENT_SHAPE_REPRESENTATION(#3194,#3188);
#3198=CARTESIAN_POINT('',(-3.425E0,-1.25E0,2.5E-1));
#3199=DIRECTION('',(-1.E0,0.E0,0.E0));
#3200=DIRECTION('',(0.E0,-1.E0,0.E0));
#3201=AXIS2_PLACEMENT_3D('',#3198,#3199,#3200);
#3202=ITEM_DEFINED_TRANSFORMATION('','',#3044,#3201);
#3203=(REPRESENTATION_RELATIONSHIP('','',#3045,#2486)REPRESENTATION_RELATIONSHIP_WITH_TRANSFORMATION(#3202)SHAPE_REPRESENTATION_RELATIONSHIP());
#3204=CONTEXT_DEPENDENT_SHAPE_REPRESENTATION(#3203,#3197);
#3207=CARTESIAN_POINT('',(-3.425E0,-1.75E0,2.5E-1));
#3208=DIRECTION('',(-1.E0,0.E0,0.E0));
#3209=DIRECTION('',(0.E0,-1.E0,0.E0));
#3210=AXIS2_PLACEMENT_3D('',#3207,#3208,#3209);
#3211=ITEM_DEFINED_TRANSFORMATION('','',#3044,#3210);
#3212=(REPRESENTATION_RELATIONSHIP('','',#3045,#2486)REPRESENTATION_RELATIONSHIP_WITH_TRANSFORMATION(#3211)SHAPE_REPRESENTATION_RELATIONSHIP());
#3213=CONTEXT_DEPENDENT_SHAPE_REPRESENTATION(#3212,#3206);
#3216=CARTESIAN_POINT('',(-3.425E0,-2.25E0,2.5E-1));
#3217=DIRECTION('',(-1.E0,0.E0,0.E0));
#3218=DIRECTION('',(0.E0,-1.E0,0.E0));
#3219=AXIS2_PLACEMENT_3D('',#3216,#3217,#3218);
#3220=ITEM_DEFINED_TRANSFORMATION('','',#3044,#3219);
#3221=(REPRESENTATION_RELATIONSHIP('','',#3045,#2486)REPRESENTATION_RELATIONSHIP_WITH_TRANSFORMATION(#3220)SHAPE_REPRESENTATION_RELATIONSHIP());
#3222=CONTEXT_DEPENDENT_SHAPE_REPRESENTATION(#3221,#3215);
#3225=CARTESIAN_POINT('',(-3.425E0,-2.75E0,2.5E-1));
#3226=DIRECTION('',(-1.E0,0.E0,0.E0));
#3227=DIRECTION('',(0.E0,-1.E0,0.E0));
#3228=AXIS2_PLACEMENT_3D('',#3225,#3226,#3227);
#3229=ITEM_DEFINED_TRANSFORMATION('','',#3044,#3228);
#3230=(REPRESENTATION_RELATIONSHIP('','',#3045,#2486)REPRESENTATION_RELATIONSHIP_WITH_TRANSFORMATION(#3229)SHAPE_REPRESENTATION_RELATIONSHIP());
#3231=CONTEXT_DEPENDENT_SHAPE_REPRESENTATION(#3230,#3224);
#3234=CARTESIAN_POINT('',(-3.425E0,-3.25E0,2.5E-1));
#3235=DIRECTION('',(-1.E0,0.E0,0.E0));
#3236=DIRECTION('',(0.E0,-1.E0,0.E0));
#3237=AXIS2_PLACEMENT_3D('',#3234,#3235,#3236);
#3238=ITEM_DEFINED_TRANSFORMATION('','',#3044,#3237);
#3239=(REPRESENTATION_RELATIONSHIP('','',#3045,#2486)REPRESENTATION_RELATIONSHIP_WITH_TRANSFORMATION(#3238)SHAPE_REPRESENTATION_RELATIONSHIP());
#3240=CONTEXT_DEPENDENT_SHAPE_REPRESENTATION(#3239,#3233);
#3243=CARTESIAN_POINT('',(-3.425E0,-3.75E0,2.5E-1));
#3244=DIRECTION('',(-1.E0,0.E0,0.E0));
#3245=DIRECTION('',(0.E0,-1.E0,0.E0));
#3246=AXIS2_PLACEMENT_3D('',#3243,#3244,#3245);
#3247=ITEM_DEFINED_TRANSFORMATION('','',#3044,#3246);
#3248=(REPRESENTATION_RELATIONSHIP('','',#3045,#2486)REPRESENTATION_RELATIONSHIP_WITH_TRANSFORMATION(#3247)SHAPE_REPRESENTATION_RELATIONSHIP());
#3249=CONTEXT_DEPENDENT_SHAPE_REPRESENTATION(#3248,#3242);
#3252=CARTESIAN_POINT('',(-3.425E0,-4.25E0,2.5E-1));
#3253=DIRECTION('',(-1.E0,0.E0,0.E0));
#3254=DIRECTION('',(0.E0,-1.E0,0.E0));
#3255=AXIS2_PLACEMENT_3D('',#3252,#3253,#3254);
#3256=ITEM_DEFINED_TRANSFORMATION('','',#3044,#3255);
#3257=(REPRESENTATION_RELATIONSHIP('','',#3045,#2486)REPRESENTATION_RELATIONSHIP_WITH_TRANSFORMATION(#3256)SHAPE_REPRESENTATION_RELATIONSHIP());
#3258=CONTEXT_DEPENDENT_SHAPE_REPRESENTATION(#3257,#3251);
#3261=CARTESIAN_POINT('',(-3.425E0,-4.75E0,2.5E-1));
#3262=DIRECTION('',(-1.E0,0.E0,0.E0));
#3263=DIRECTION('',(0.E0,-1.E0,0.E0));
#3264=AXIS2_PLACEMENT_3D('',#3261,#3262,#3263);
#3265=ITEM_DEFINED_TRANSFORMATION('','',#3044,#3264);
#3266=(REPRESENTATION_RELATIONSHIP('','',#3045,#2486)REPRESENTATION_RELATIONSHIP_WITH_TRANSFORMATION(#3265)SHAPE_REPRESENTATION_RELATIONSHIP());
#3267=CONTEXT_DEPENDENT_SHAPE_REPRESENTATION(#3266,#3260);
#3270=CARTESIAN_POINT('',(-3.425E0,-5.25E0,2.5E-1));
#3271=DIRECTION('',(-1.E0,0.E0,0.E0));
#3272=DIRECTION('',(0.E0,-1.E0,0.E0));
#3273=AXIS2_PLACEMENT_3D('',#3270,#3271,#3272);
#3274=ITEM_DEFINED_TRANSFORMATION('','',#3044,#3273);
#3275=(REPRESENTATION_RELATIONSHIP('','',#3045,#2486)REPRESENTATION_RELATIONSHIP_WITH_TRANSFORMATION(#3274)SHAPE_REPRESENTATION_RELATIONSHIP());
#3276=CONTEXT_DEPENDENT_SHAPE_REPRESENTATION(#3275,#3269);
#3279=CARTESIAN_POINT('',(-3.425E0,-5.75E0,2.5E-1));
#3280=DIRECTION('',(-1.E0,0.E0,0.E0));
#3281=DIRECTION('',(0.E0,-1.E0,0.E0));
#3282=AXIS2_PLACEMENT_3D('',#3279,#3280,#3281);
#3283=ITEM_DEFINED_TRANSFORMATION('','',#3044,#3282);
#3284=(REPRESENTATION_RELATIONSHIP('','',#3045,#2486)REPRESENTATION_RELATIONSHIP_WITH_TRANSFORMATION(#3283)SHAPE_REPRESENTATION_RELATIONSHIP());
#3285=CONTEXT_DEPENDENT_SHAPE_REPRESENTATION(#3284,#3278);
#3288=CARTESIAN_POINT('',(-3.425E0,-6.25E0,2.5E-1));
#3289=DIRECTION('',(-1.E0,0.E0,0.E0));
#3290=DIRECTION('',(0.E0,-1.E0,0.E0));
#3291=AXIS2_PLACEMENT_3D('',#3288,#3289,#3290);
#3292=ITEM_DEFINED_TRANSFORMATION('','',#3044,#3291);
#3293=(REPRESENTATION_RELATIONSHIP('','',#3045,#2486)REPRESENTATION_RELATIONSHIP_WITH_TRANSFORMATION(#3292)SHAPE_REPRESENTATION_RELATIONSHIP());
#3294=CONTEXT_DEPENDENT_SHAPE_REPRESENTATION(#3293,#3287);
#3297=CARTESIAN_POINT('',(-3.425E0,-6.75E0,2.5E-1));
#3298=DIRECTION('',(-1.E0,0.E0,0.E0));
#3299=DIRECTION('',(0.E0,-1.E0,0.E0));
#3300=AXIS2_PLACEMENT_3D('',#3297,#3298,#3299);
#3301=ITEM_DEFINED_TRANSFORMATION('','',#3044,#3300);
#3302=(REPRESENTATION_RELATIONSHIP('','',#3045,#2486)REPRESENTATION_RELATIONSHIP_WITH_TRANSFORMATION(#3301)SHAPE_REPRESENTATION_RELATIONSHIP());
#3303=CONTEXT_DEPENDENT_SHAPE_REPRESENTATION(#3302,#3296);
#3306=CARTESIAN_POINT('',(3.425E0,-6.75E0,2.5E-1));
#3307=DIRECTION('',(1.E0,0.E0,0.E0));
#3308=DIRECTION('',(0.E0,1.E0,0.E0));
#3309=AXIS2_PLACEMENT_3D('',#3306,#3307,#3308);
#3310=ITEM_DEFINED_TRANSFORMATION('','',#3044,#3309);
#3311=(REPRESENTATION_RELATIONSHIP('','',#3045,#2486)REPRESENTATION_RELATIONSHIP_WITH_TRANSFORMATION(#3310)SHAPE_REPRESENTATION_RELATIONSHIP());
#3312=CONTEXT_DEPENDENT_SHAPE_REPRESENTATION(#3311,#3305);
#3315=CARTESIAN_POINT('',(3.425E0,-6.25E0,2.5E-1));
#3316=DIRECTION('',(1.E0,0.E0,0.E0));
#3317=DIRECTION('',(0.E0,1.E0,0.E0));
#3318=AXIS2_PLACEMENT_3D('',#3315,#3316,#3317);
#3319=ITEM_DEFINED_TRANSFORMATION('','',#3044,#3318);
#3320=(REPRESENTATION_RELATIONSHIP('','',#3045,#2486)REPRESENTATION_RELATIONSHIP_WITH_TRANSFORMATION(#3319)SHAPE_REPRESENTATION_RELATIONSHIP());
#3321=CONTEXT_DEPENDENT_SHAPE_REPRESENTATION(#3320,#3314);
#3324=CARTESIAN_POINT('',(3.425E0,-5.75E0,2.5E-1));
#3325=DIRECTION('',(1.E0,0.E0,0.E0));
#3326=DIRECTION('',(0.E0,1.E0,0.E0));
#3327=AXIS2_PLACEMENT_3D('',#3324,#3325,#3326);
#3328=ITEM_DEFINED_TRANSFORMATION('','',#3044,#3327);
#3329=(REPRESENTATION_RELATIONSHIP('','',#3045,#2486)REPRESENTATION_RELATIONSHIP_WITH_TRANSFORMATION(#3328)SHAPE_REPRESENTATION_RELATIONSHIP());
#3330=CONTEXT_DEPENDENT_SHAPE_REPRESENTATION(#3329,#3323);
#3333=CARTESIAN_POINT('',(3.425E0,-5.25E0,2.5E-1));
#3334=DIRECTION('',(1.E0,0.E0,0.E0));
#3335=DIRECTION('',(0.E0,1.E0,0.E0));
#3336=AXIS2_PLACEMENT_3D('',#3333,#3334,#3335);
#3337=ITEM_DEFINED_TRANSFORMATION('','',#3044,#3336);
#3338=(REPRESENTATION_RELATIONSHIP('','',#3045,#2486)REPRESENTATION_RELATIONSHIP_WITH_TRANSFORMATION(#3337)SHAPE_REPRESENTATION_RELATIONSHIP());
#3339=CONTEXT_DEPENDENT_SHAPE_REPRESENTATION(#3338,#3332);
#3342=CARTESIAN_POINT('',(3.425E0,-4.75E0,2.5E-1));
#3343=DIRECTION('',(1.E0,0.E0,0.E0));
#3344=DIRECTION('',(0.E0,1.E0,0.E0));
#3345=AXIS2_PLACEMENT_3D('',#3342,#3343,#3344);
#3346=ITEM_DEFINED_TRANSFORMATION('','',#3044,#3345);
#3347=(REPRESENTATION_RELATIONSHIP('','',#3045,#2486)REPRESENTATION_RELATIONSHIP_WITH_TRANSFORMATION(#3346)SHAPE_REPRESENTATION_RELATIONSHIP());
#3348=CONTEXT_DEPENDENT_SHAPE_REPRESENTATION(#3347,#3341);
#3351=CARTESIAN_POINT('',(3.425E0,-4.25E0,2.5E-1));
#3352=DIRECTION('',(1.E0,0.E0,0.E0));
#3353=DIRECTION('',(0.E0,1.E0,0.E0));
#3354=AXIS2_PLACEMENT_3D('',#3351,#3352,#3353);
#3355=ITEM_DEFINED_TRANSFORMATION('','',#3044,#3354);
#3356=(REPRESENTATION_RELATIONSHIP('','',#3045,#2486)REPRESENTATION_RELATIONSHIP_WITH_TRANSFORMATION(#3355)SHAPE_REPRESENTATION_RELATIONSHIP());
#3357=CONTEXT_DEPENDENT_SHAPE_REPRESENTATION(#3356,#3350);
#3360=CARTESIAN_POINT('',(3.425E0,-3.75E0,2.5E-1));
#3361=DIRECTION('',(1.E0,0.E0,0.E0));
#3362=DIRECTION('',(0.E0,1.E0,0.E0));
#3363=AXIS2_PLACEMENT_3D('',#3360,#3361,#3362);
#3364=ITEM_DEFINED_TRANSFORMATION('','',#3044,#3363);
#3365=(REPRESENTATION_RELATIONSHIP('','',#3045,#2486)REPRESENTATION_RELATIONSHIP_WITH_TRANSFORMATION(#3364)SHAPE_REPRESENTATION_RELATIONSHIP());
#3366=CONTEXT_DEPENDENT_SHAPE_REPRESENTATION(#3365,#3359);
#3369=CARTESIAN_POINT('',(3.425E0,-3.25E0,2.5E-1));
#3370=DIRECTION('',(1.E0,0.E0,0.E0));
#3371=DIRECTION('',(0.E0,1.E0,0.E0));
#3372=AXIS2_PLACEMENT_3D('',#3369,#3370,#3371);
#3373=ITEM_DEFINED_TRANSFORMATION('','',#3044,#3372);
#3374=(REPRESENTATION_RELATIONSHIP('','',#3045,#2486)REPRESENTATION_RELATIONSHIP_WITH_TRANSFORMATION(#3373)SHAPE_REPRESENTATION_RELATIONSHIP());
#3375=CONTEXT_DEPENDENT_SHAPE_REPRESENTATION(#3374,#3368);
#3378=CARTESIAN_POINT('',(3.425E0,-2.75E0,2.5E-1));
#3379=DIRECTION('',(1.E0,0.E0,0.E0));
#3380=DIRECTION('',(0.E0,1.E0,0.E0));
#3381=AXIS2_PLACEMENT_3D('',#3378,#3379,#3380);
#3382=ITEM_DEFINED_TRANSFORMATION('','',#3044,#3381);
#3383=(REPRESENTATION_RELATIONSHIP('','',#3045,#2486)REPRESENTATION_RELATIONSHIP_WITH_TRANSFORMATION(#3382)SHAPE_REPRESENTATION_RELATIONSHIP());
#3384=CONTEXT_DEPENDENT_SHAPE_REPRESENTATION(#3383,#3377);
#3387=CARTESIAN_POINT('',(3.425E0,-2.25E0,2.5E-1));
#3388=DIRECTION('',(1.E0,0.E0,0.E0));
#3389=DIRECTION('',(0.E0,1.E0,0.E0));
#3390=AXIS2_PLACEMENT_3D('',#3387,#3388,#3389);
#3391=ITEM_DEFINED_TRANSFORMATION('','',#3044,#3390);
#3392=(REPRESENTATION_RELATIONSHIP('','',#3045,#2486)REPRESENTATION_RELATIONSHIP_WITH_TRANSFORMATION(#3391)SHAPE_REPRESENTATION_RELATIONSHIP());
#3393=CONTEXT_DEPENDENT_SHAPE_REPRESENTATION(#3392,#3386);
#3396=CARTESIAN_POINT('',(3.425E0,-1.75E0,2.5E-1));
#3397=DIRECTION('',(1.E0,0.E0,0.E0));
#3398=DIRECTION('',(0.E0,1.E0,0.E0));
#3399=AXIS2_PLACEMENT_3D('',#3396,#3397,#3398);
#3400=ITEM_DEFINED_TRANSFORMATION('','',#3044,#3399);
#3401=(REPRESENTATION_RELATIONSHIP('','',#3045,#2486)REPRESENTATION_RELATIONSHIP_WITH_TRANSFORMATION(#3400)SHAPE_REPRESENTATION_RELATIONSHIP());
#3402=CONTEXT_DEPENDENT_SHAPE_REPRESENTATION(#3401,#3395);
#3405=CARTESIAN_POINT('',(3.425E0,-1.25E0,2.5E-1));
#3406=DIRECTION('',(1.E0,0.E0,0.E0));
#3407=DIRECTION('',(0.E0,1.E0,0.E0));
#3408=AXIS2_PLACEMENT_3D('',#3405,#3406,#3407);
#3409=ITEM_DEFINED_TRANSFORMATION('','',#3044,#3408);
#3410=(REPRESENTATION_RELATIONSHIP('','',#3045,#2486)REPRESENTATION_RELATIONSHIP_WITH_TRANSFORMATION(#3409)SHAPE_REPRESENTATION_RELATIONSHIP());
#3411=CONTEXT_DEPENDENT_SHAPE_REPRESENTATION(#3410,#3404);
#3414=CARTESIAN_POINT('',(3.425E0,-7.5E-1,2.5E-1));
#3415=DIRECTION('',(1.E0,0.E0,0.E0));
#3416=DIRECTION('',(0.E0,1.E0,0.E0));
#3417=AXIS2_PLACEMENT_3D('',#3414,#3415,#3416);
#3418=ITEM_DEFINED_TRANSFORMATION('','',#3044,#3417);
#3419=(REPRESENTATION_RELATIONSHIP('','',#3045,#2486)REPRESENTATION_RELATIONSHIP_WITH_TRANSFORMATION(#3418)SHAPE_REPRESENTATION_RELATIONSHIP());
#3420=CONTEXT_DEPENDENT_SHAPE_REPRESENTATION(#3419,#3413);
#3423=CARTESIAN_POINT('',(3.425E0,-2.5E-1,2.5E-1));
#3424=DIRECTION('',(1.E0,0.E0,0.E0));
#3425=DIRECTION('',(0.E0,1.E0,0.E0));
#3426=AXIS2_PLACEMENT_3D('',#3423,#3424,#3425);
#3427=ITEM_DEFINED_TRANSFORMATION('','',#3044,#3426);
#3428=(REPRESENTATION_RELATIONSHIP('','',#3045,#2486)REPRESENTATION_RELATIONSHIP_WITH_TRANSFORMATION(#3427)SHAPE_REPRESENTATION_RELATIONSHIP());
#3429=CONTEXT_DEPENDENT_SHAPE_REPRESENTATION(#3428,#3422);
#3432=CARTESIAN_POINT('',(3.425E0,2.5E-1,2.5E-1));
#3433=DIRECTION('',(1.E0,0.E0,0.E0));
#3434=DIRECTION('',(0.E0,1.E0,0.E0));
#3435=AXIS2_PLACEMENT_3D('',#3432,#3433,#3434);
#3436=ITEM_DEFINED_TRANSFORMATION('','',#3044,#3435);
#3437=(REPRESENTATION_RELATIONSHIP('','',#3045,#2486)REPRESENTATION_RELATIONSHIP_WITH_TRANSFORMATION(#3436)SHAPE_REPRESENTATION_RELATIONSHIP());
#3438=CONTEXT_DEPENDENT_SHAPE_REPRESENTATION(#3437,#3431);
#3441=CARTESIAN_POINT('',(3.425E0,7.5E-1,2.5E-1));
#3442=DIRECTION('',(1.E0,0.E0,0.E0));
#3443=DIRECTION('',(0.E0,1.E0,0.E0));
#3444=AXIS2_PLACEMENT_3D('',#3441,#3442,#3443);
#3445=ITEM_DEFINED_TRANSFORMATION('','',#3044,#3444);
#3446=(REPRESENTATION_RELATIONSHIP('','',#3045,#2486)REPRESENTATION_RELATIONSHIP_WITH_TRANSFORMATION(#3445)SHAPE_REPRESENTATION_RELATIONSHIP());
#3447=CONTEXT_DEPENDENT_SHAPE_REPRESENTATION(#3446,#3440);
#3450=CARTESIAN_POINT('',(3.425E0,1.25E0,2.5E-1));
#3451=DIRECTION('',(1.E0,0.E0,0.E0));
#3452=DIRECTION('',(0.E0,1.E0,0.E0));
#3453=AXIS2_PLACEMENT_3D('',#3450,#3451,#3452);
#3454=ITEM_DEFINED_TRANSFORMATION('','',#3044,#3453);
#3455=(REPRESENTATION_RELATIONSHIP('','',#3045,#2486)REPRESENTATION_RELATIONSHIP_WITH_TRANSFORMATION(#3454)SHAPE_REPRESENTATION_RELATIONSHIP());
#3456=CONTEXT_DEPENDENT_SHAPE_REPRESENTATION(#3455,#3449);
#3459=CARTESIAN_POINT('',(3.425E0,1.75E0,2.5E-1));
#3460=DIRECTION('',(1.E0,0.E0,0.E0));
#3461=DIRECTION('',(0.E0,1.E0,0.E0));
#3462=AXIS2_PLACEMENT_3D('',#3459,#3460,#3461);
#3463=ITEM_DEFINED_TRANSFORMATION('','',#3044,#3462);
#3464=(REPRESENTATION_RELATIONSHIP('','',#3045,#2486)REPRESENTATION_RELATIONSHIP_WITH_TRANSFORMATION(#3463)SHAPE_REPRESENTATION_RELATIONSHIP());
#3465=CONTEXT_DEPENDENT_SHAPE_REPRESENTATION(#3464,#3458);
#3468=CARTESIAN_POINT('',(3.425E0,2.25E0,2.5E-1));
#3469=DIRECTION('',(1.E0,0.E0,0.E0));
#3470=DIRECTION('',(0.E0,1.E0,0.E0));
#3471=AXIS2_PLACEMENT_3D('',#3468,#3469,#3470);
#3472=ITEM_DEFINED_TRANSFORMATION('','',#3044,#3471);
#3473=(REPRESENTATION_RELATIONSHIP('','',#3045,#2486)REPRESENTATION_RELATIONSHIP_WITH_TRANSFORMATION(#3472)SHAPE_REPRESENTATION_RELATIONSHIP());
#3474=CONTEXT_DEPENDENT_SHAPE_REPRESENTATION(#3473,#3467);
#3477=CARTESIAN_POINT('',(3.425E0,2.75E0,2.5E-1));
#3478=DIRECTION('',(1.E0,0.E0,0.E0));
#3479=DIRECTION('',(0.E0,1.E0,0.E0));
#3480=AXIS2_PLACEMENT_3D('',#3477,#3478,#3479);
#3481=ITEM_DEFINED_TRANSFORMATION('','',#3044,#3480);
#3482=(REPRESENTATION_RELATIONSHIP('','',#3045,#2486)REPRESENTATION_RELATIONSHIP_WITH_TRANSFORMATION(#3481)SHAPE_REPRESENTATION_RELATIONSHIP());
#3483=CONTEXT_DEPENDENT_SHAPE_REPRESENTATION(#3482,#3476);
#3486=CARTESIAN_POINT('',(3.425E0,3.25E0,2.5E-1));
#3487=DIRECTION('',(1.E0,0.E0,0.E0));
#3488=DIRECTION('',(0.E0,1.E0,0.E0));
#3489=AXIS2_PLACEMENT_3D('',#3486,#3487,#3488);
#3490=ITEM_DEFINED_TRANSFORMATION('','',#3044,#3489);
#3491=(REPRESENTATION_RELATIONSHIP('','',#3045,#2486)REPRESENTATION_RELATIONSHIP_WITH_TRANSFORMATION(#3490)SHAPE_REPRESENTATION_RELATIONSHIP());
#3492=CONTEXT_DEPENDENT_SHAPE_REPRESENTATION(#3491,#3485);
#3495=CARTESIAN_POINT('',(3.425E0,3.75E0,2.5E-1));
#3496=DIRECTION('',(1.E0,0.E0,0.E0));
#3497=DIRECTION('',(0.E0,1.E0,0.E0));
#3498=AXIS2_PLACEMENT_3D('',#3495,#3496,#3497);
#3499=ITEM_DEFINED_TRANSFORMATION('','',#3044,#3498);
#3500=(REPRESENTATION_RELATIONSHIP('','',#3045,#2486)REPRESENTATION_RELATIONSHIP_WITH_TRANSFORMATION(#3499)SHAPE_REPRESENTATION_RELATIONSHIP());
#3501=CONTEXT_DEPENDENT_SHAPE_REPRESENTATION(#3500,#3494);
#3504=CARTESIAN_POINT('',(3.425E0,4.25E0,2.5E-1));
#3505=DIRECTION('',(1.E0,0.E0,0.E0));
#3506=DIRECTION('',(0.E0,1.E0,0.E0));
#3507=AXIS2_PLACEMENT_3D('',#3504,#3505,#3506);
#3508=ITEM_DEFINED_TRANSFORMATION('','',#3044,#3507);
#3509=(REPRESENTATION_RELATIONSHIP('','',#3045,#2486)REPRESENTATION_RELATIONSHIP_WITH_TRANSFORMATION(#3508)SHAPE_REPRESENTATION_RELATIONSHIP());
#3510=CONTEXT_DEPENDENT_SHAPE_REPRESENTATION(#3509,#3503);
#3513=CARTESIAN_POINT('',(3.425E0,4.75E0,2.5E-1));
#3514=DIRECTION('',(1.E0,0.E0,0.E0));
#3515=DIRECTION('',(0.E0,1.E0,0.E0));
#3516=AXIS2_PLACEMENT_3D('',#3513,#3514,#3515);
#3517=ITEM_DEFINED_TRANSFORMATION('','',#3044,#3516);
#3518=(REPRESENTATION_RELATIONSHIP('','',#3045,#2486)REPRESENTATION_RELATIONSHIP_WITH_TRANSFORMATION(#3517)SHAPE_REPRESENTATION_RELATIONSHIP());
#3519=CONTEXT_DEPENDENT_SHAPE_REPRESENTATION(#3518,#3512);
#3522=CARTESIAN_POINT('',(3.425E0,5.25E0,2.5E-1));
#3523=DIRECTION('',(1.E0,0.E0,0.E0));
#3524=DIRECTION('',(0.E0,1.E0,0.E0));
#3525=AXIS2_PLACEMENT_3D('',#3522,#3523,#3524);
#3526=ITEM_DEFINED_TRANSFORMATION('','',#3044,#3525);
#3527=(REPRESENTATION_RELATIONSHIP('','',#3045,#2486)REPRESENTATION_RELATIONSHIP_WITH_TRANSFORMATION(#3526)SHAPE_REPRESENTATION_RELATIONSHIP());
#3528=CONTEXT_DEPENDENT_SHAPE_REPRESENTATION(#3527,#3521);
#3531=CARTESIAN_POINT('',(3.425E0,5.75E0,2.5E-1));
#3532=DIRECTION('',(1.E0,0.E0,0.E0));
#3533=DIRECTION('',(0.E0,1.E0,0.E0));
#3534=AXIS2_PLACEMENT_3D('',#3531,#3532,#3533);
#3535=ITEM_DEFINED_TRANSFORMATION('','',#3044,#3534);
#3536=(REPRESENTATION_RELATIONSHIP('','',#3045,#2486)REPRESENTATION_RELATIONSHIP_WITH_TRANSFORMATION(#3535)SHAPE_REPRESENTATION_RELATIONSHIP());
#3537=CONTEXT_DEPENDENT_SHAPE_REPRESENTATION(#3536,#3530);
#3540=CARTESIAN_POINT('',(3.425E0,6.25E0,2.5E-1));
#3541=DIRECTION('',(1.E0,0.E0,0.E0));
#3542=DIRECTION('',(0.E0,1.E0,0.E0));
#3543=AXIS2_PLACEMENT_3D('',#3540,#3541,#3542);
#3544=ITEM_DEFINED_TRANSFORMATION('','',#3044,#3543);
#3545=(REPRESENTATION_RELATIONSHIP('','',#3045,#2486)REPRESENTATION_RELATIONSHIP_WITH_TRANSFORMATION(#3544)SHAPE_REPRESENTATION_RELATIONSHIP());
#3546=CONTEXT_DEPENDENT_SHAPE_REPRESENTATION(#3545,#3539);
#3549=CARTESIAN_POINT('',(3.425E0,6.75E0,2.5E-1));
#3550=DIRECTION('',(1.E0,0.E0,0.E0));
#3551=DIRECTION('',(0.E0,1.E0,0.E0));
#3552=AXIS2_PLACEMENT_3D('',#3549,#3550,#3551);
#3553=ITEM_DEFINED_TRANSFORMATION('','',#3044,#3552);
#3554=(REPRESENTATION_RELATIONSHIP('','',#3045,#2486)REPRESENTATION_RELATIONSHIP_WITH_TRANSFORMATION(#3553)SHAPE_REPRESENTATION_RELATIONSHIP());
#3555=CONTEXT_DEPENDENT_SHAPE_REPRESENTATION(#3554,#3548);
#3557=DIRECTION('',(1.E0,0.E0,0.E0));
#3558=VECTOR('',#3557,1.E-1);
#3559=CARTESIAN_POINT('',(-4.E-1,0.E0,3.0625E0));
#3560=LINE('',#3559,#3558);
#3561=CURVE_STYLE('',#33,POSITIVE_LENGTH_MEASURE(2.E-2),#27);
#3562=PRESENTATION_STYLE_ASSIGNMENT((#3561));
#3563=STYLED_ITEM('',(#3562),#3560);
#3564=DIRECTION('',(0.E0,0.E0,-1.E0));
#3565=VECTOR('',#3564,2.25E-1);
#3566=CARTESIAN_POINT('',(-3.E-1,0.E0,3.2875E0));
#3567=LINE('',#3566,#3565);
#3568=CURVE_STYLE('',#33,POSITIVE_LENGTH_MEASURE(2.E-2),#27);
#3569=PRESENTATION_STYLE_ASSIGNMENT((#3568));
#3570=STYLED_ITEM('',(#3569),#3567);
#3571=DIRECTION('',(-1.E0,0.E0,0.E0));
#3572=VECTOR('',#3571,6.E-1);
#3573=CARTESIAN_POINT('',(3.E-1,0.E0,3.2875E0));
#3574=LINE('',#3573,#3572);
#3575=CURVE_STYLE('',#33,POSITIVE_LENGTH_MEASURE(2.E-2),#27);
#3576=PRESENTATION_STYLE_ASSIGNMENT((#3575));
#3577=STYLED_ITEM('',(#3576),#3574);
#3578=DIRECTION('',(0.E0,0.E0,1.E0));
#3579=VECTOR('',#3578,2.25E-1);
#3580=CARTESIAN_POINT('',(3.E-1,0.E0,3.0625E0));
#3581=LINE('',#3580,#3579);
#3582=CURVE_STYLE('',#33,POSITIVE_LENGTH_MEASURE(2.E-2),#27);
#3583=PRESENTATION_STYLE_ASSIGNMENT((#3582));
#3584=STYLED_ITEM('',(#3583),#3581);
#3585=DIRECTION('',(1.E0,0.E0,0.E0));
#3586=VECTOR('',#3585,1.E-1);
#3587=CARTESIAN_POINT('',(3.E-1,0.E0,3.0625E0));
#3588=LINE('',#3587,#3586);
#3589=CURVE_STYLE('',#33,POSITIVE_LENGTH_MEASURE(2.E-2),#27);
#3590=PRESENTATION_STYLE_ASSIGNMENT((#3589));
#3591=STYLED_ITEM('',(#3590),#3588);
#3592=DIRECTION('',(0.E0,0.E0,-1.E0));
#3593=VECTOR('',#3592,1.5E-1);
#3594=CARTESIAN_POINT('',(4.E-1,0.E0,3.0625E0));
#3595=LINE('',#3594,#3593);
#3596=CURVE_STYLE('',#33,POSITIVE_LENGTH_MEASURE(2.E-2),#27);
#3597=PRESENTATION_STYLE_ASSIGNMENT((#3596));
#3598=STYLED_ITEM('',(#3597),#3595);
#3599=DIRECTION('',(1.E0,0.E0,0.E0));
#3600=VECTOR('',#3599,1.2175E0);
#3601=CARTESIAN_POINT('',(4.E-1,0.E0,2.9125E0));
#3602=LINE('',#3601,#3600);
#3603=CURVE_STYLE('',#33,POSITIVE_LENGTH_MEASURE(2.E-2),#27);
#3604=PRESENTATION_STYLE_ASSIGNMENT((#3603));
#3605=STYLED_ITEM('',(#3604),#3602);
#3606=DIRECTION('',(0.E0,0.E0,-1.E0));
#3607=VECTOR('',#3606,5.825E0);
#3608=CARTESIAN_POINT('',(1.6175E0,0.E0,2.9125E0));
#3609=LINE('',#3608,#3607);
#3610=CURVE_STYLE('',#33,POSITIVE_LENGTH_MEASURE(2.E-2),#27);
#3611=PRESENTATION_STYLE_ASSIGNMENT((#3610));
#3612=STYLED_ITEM('',(#3611),#3609);
#3613=DIRECTION('',(-1.E0,0.E0,0.E0));
#3614=VECTOR('',#3613,1.2175E0);
#3615=CARTESIAN_POINT('',(1.6175E0,0.E0,-2.9125E0));
#3616=LINE('',#3615,#3614);
#3617=CURVE_STYLE('',#33,POSITIVE_LENGTH_MEASURE(2.E-2),#27);
#3618=PRESENTATION_STYLE_ASSIGNMENT((#3617));
#3619=STYLED_ITEM('',(#3618),#3616);
#3620=DIRECTION('',(0.E0,0.E0,-1.E0));
#3621=VECTOR('',#3620,1.5E-1);
#3622=CARTESIAN_POINT('',(4.E-1,0.E0,-2.9125E0));
#3623=LINE('',#3622,#3621);
#3624=CURVE_STYLE('',#33,POSITIVE_LENGTH_MEASURE(2.E-2),#27);
#3625=PRESENTATION_STYLE_ASSIGNMENT((#3624));
#3626=STYLED_ITEM('',(#3625),#3623);
#3627=DIRECTION('',(-1.E0,0.E0,0.E0));
#3628=VECTOR('',#3627,1.E-1);
#3629=CARTESIAN_POINT('',(4.E-1,0.E0,-3.0625E0));
#3630=LINE('',#3629,#3628);
#3631=CURVE_STYLE('',#33,POSITIVE_LENGTH_MEASURE(2.E-2),#27);
#3632=PRESENTATION_STYLE_ASSIGNMENT((#3631));
#3633=STYLED_ITEM('',(#3632),#3630);
#3634=DIRECTION('',(0.E0,0.E0,-1.E0));
#3635=VECTOR('',#3634,2.25E-1);
#3636=CARTESIAN_POINT('',(3.E-1,0.E0,-3.0625E0));
#3637=LINE('',#3636,#3635);
#3638=CURVE_STYLE('',#33,POSITIVE_LENGTH_MEASURE(2.E-2),#27);
#3639=PRESENTATION_STYLE_ASSIGNMENT((#3638));
#3640=STYLED_ITEM('',(#3639),#3637);
#3641=DIRECTION('',(-1.E0,0.E0,0.E0));
#3642=VECTOR('',#3641,6.E-1);
#3643=CARTESIAN_POINT('',(3.E-1,0.E0,-3.2875E0));
#3644=LINE('',#3643,#3642);
#3645=CURVE_STYLE('',#33,POSITIVE_LENGTH_MEASURE(2.E-2),#27);
#3646=PRESENTATION_STYLE_ASSIGNMENT((#3645));
#3647=STYLED_ITEM('',(#3646),#3644);
#3648=DIRECTION('',(0.E0,0.E0,1.E0));
#3649=VECTOR('',#3648,2.25E-1);
#3650=CARTESIAN_POINT('',(-3.E-1,0.E0,-3.2875E0));
#3651=LINE('',#3650,#3649);
#3652=CURVE_STYLE('',#33,POSITIVE_LENGTH_MEASURE(2.E-2),#27);
#3653=PRESENTATION_STYLE_ASSIGNMENT((#3652));
#3654=STYLED_ITEM('',(#3653),#3651);
#3655=DIRECTION('',(-1.E0,0.E0,0.E0));
#3656=VECTOR('',#3655,1.E-1);
#3657=CARTESIAN_POINT('',(-3.E-1,0.E0,-3.0625E0));
#3658=LINE('',#3657,#3656);
#3659=CURVE_STYLE('',#33,POSITIVE_LENGTH_MEASURE(2.E-2),#27);
#3660=PRESENTATION_STYLE_ASSIGNMENT((#3659));
#3661=STYLED_ITEM('',(#3660),#3658);
#3662=DIRECTION('',(0.E0,0.E0,1.E0));
#3663=VECTOR('',#3662,1.5E-1);
#3664=CARTESIAN_POINT('',(-4.E-1,0.E0,-3.0625E0));
#3665=LINE('',#3664,#3663);
#3666=CURVE_STYLE('',#33,POSITIVE_LENGTH_MEASURE(2.E-2),#27);
#3667=PRESENTATION_STYLE_ASSIGNMENT((#3666));
#3668=STYLED_ITEM('',(#3667),#3665);
#3669=DIRECTION('',(-1.E0,0.E0,0.E0));
#3670=VECTOR('',#3669,1.2175E0);
#3671=CARTESIAN_POINT('',(-4.E-1,0.E0,-2.9125E0));
#3672=LINE('',#3671,#3670);
#3673=CURVE_STYLE('',#33,POSITIVE_LENGTH_MEASURE(2.E-2),#27);
#3674=PRESENTATION_STYLE_ASSIGNMENT((#3673));
#3675=STYLED_ITEM('',(#3674),#3672);
#3676=DIRECTION('',(0.E0,0.E0,1.E0));
#3677=VECTOR('',#3676,5.825E0);
#3678=CARTESIAN_POINT('',(-1.6175E0,0.E0,-2.9125E0));
#3679=LINE('',#3678,#3677);
#3680=CURVE_STYLE('',#33,POSITIVE_LENGTH_MEASURE(2.E-2),#27);
#3681=PRESENTATION_STYLE_ASSIGNMENT((#3680));
#3682=STYLED_ITEM('',(#3681),#3679);
#3683=DIRECTION('',(1.E0,0.E0,0.E0));
#3684=VECTOR('',#3683,1.2175E0);
#3685=CARTESIAN_POINT('',(-1.6175E0,0.E0,2.9125E0));
#3686=LINE('',#3685,#3684);
#3687=CURVE_STYLE('',#33,POSITIVE_LENGTH_MEASURE(2.E-2),#27);
#3688=PRESENTATION_STYLE_ASSIGNMENT((#3687));
#3689=STYLED_ITEM('',(#3688),#3686);
#3690=DIRECTION('',(0.E0,0.E0,1.E0));
#3691=VECTOR('',#3690,1.5E-1);
#3692=CARTESIAN_POINT('',(-4.E-1,0.E0,2.9125E0));
#3693=LINE('',#3692,#3691);
#3694=CURVE_STYLE('',#33,POSITIVE_LENGTH_MEASURE(2.E-2),#27);
#3695=PRESENTATION_STYLE_ASSIGNMENT((#3694));
#3696=STYLED_ITEM('',(#3695),#3693);
#3697=DIRECTION('',(0.E0,1.E0,0.E0));
#3698=VECTOR('',#3697,1.5E-1);
#3699=CARTESIAN_POINT('',(3.E-1,0.E0,3.0625E0));
#3700=LINE('',#3699,#3698);
#3701=CURVE_STYLE('',#33,POSITIVE_LENGTH_MEASURE(2.E-2),#27);
#3702=PRESENTATION_STYLE_ASSIGNMENT((#3701));
#3703=STYLED_ITEM('',(#3702),#3700);
#3704=DIRECTION('',(0.E0,1.E0,0.E0));
#3705=VECTOR('',#3704,1.5E-1);
#3706=CARTESIAN_POINT('',(-3.E-1,0.E0,3.0625E0));
#3707=LINE('',#3706,#3705);
#3708=CURVE_STYLE('',#33,POSITIVE_LENGTH_MEASURE(2.E-2),#27);
#3709=PRESENTATION_STYLE_ASSIGNMENT((#3708));
#3710=STYLED_ITEM('',(#3709),#3707);
#3711=DIRECTION('',(0.E0,1.E0,0.E0));
#3712=VECTOR('',#3711,1.5E-1);
#3713=CARTESIAN_POINT('',(-4.E-1,0.E0,3.0625E0));
#3714=LINE('',#3713,#3712);
#3715=CURVE_STYLE('',#33,POSITIVE_LENGTH_MEASURE(2.E-2),#27);
#3716=PRESENTATION_STYLE_ASSIGNMENT((#3715));
#3717=STYLED_ITEM('',(#3716),#3714);
#3718=DIRECTION('',(0.E0,1.E0,0.E0));
#3719=VECTOR('',#3718,1.5E-1);
#3720=CARTESIAN_POINT('',(3.E-1,0.E0,3.2875E0));
#3721=LINE('',#3720,#3719);
#3722=CURVE_STYLE('',#33,POSITIVE_LENGTH_MEASURE(2.E-2),#27);
#3723=PRESENTATION_STYLE_ASSIGNMENT((#3722));
#3724=STYLED_ITEM('',(#3723),#3721);
#3725=DIRECTION('',(0.E0,1.E0,0.E0));
#3726=VECTOR('',#3725,1.5E-1);
#3727=CARTESIAN_POINT('',(-3.E-1,0.E0,3.2875E0));
#3728=LINE('',#3727,#3726);
#3729=CURVE_STYLE('',#33,POSITIVE_LENGTH_MEASURE(2.E-2),#27);
#3730=PRESENTATION_STYLE_ASSIGNMENT((#3729));
#3731=STYLED_ITEM('',(#3730),#3728);
#3732=DIRECTION('',(1.E0,0.E0,0.E0));
#3733=VECTOR('',#3732,1.E-1);
#3734=CARTESIAN_POINT('',(3.E-1,1.5E-1,3.0625E0));
#3735=LINE('',#3734,#3733);
#3736=CURVE_STYLE('',#33,POSITIVE_LENGTH_MEASURE(2.E-2),#27);
#3737=PRESENTATION_STYLE_ASSIGNMENT((#3736));
#3738=STYLED_ITEM('',(#3737),#3735);
#3739=DIRECTION('',(0.E0,0.E0,1.E0));
#3740=VECTOR('',#3739,2.25E-1);
#3741=CARTESIAN_POINT('',(3.E-1,1.5E-1,3.0625E0));
#3742=LINE('',#3741,#3740);
#3743=CURVE_STYLE('',#33,POSITIVE_LENGTH_MEASURE(2.E-2),#27);
#3744=PRESENTATION_STYLE_ASSIGNMENT((#3743));
#3745=STYLED_ITEM('',(#3744),#3742);
#3746=DIRECTION('',(-1.E0,0.E0,0.E0));
#3747=VECTOR('',#3746,6.E-1);
#3748=CARTESIAN_POINT('',(3.E-1,1.5E-1,3.2875E0));
#3749=LINE('',#3748,#3747);
#3750=CURVE_STYLE('',#33,POSITIVE_LENGTH_MEASURE(2.E-2),#27);
#3751=PRESENTATION_STYLE_ASSIGNMENT((#3750));
#3752=STYLED_ITEM('',(#3751),#3749);
#3753=DIRECTION('',(0.E0,0.E0,-1.E0));
#3754=VECTOR('',#3753,2.25E-1);
#3755=CARTESIAN_POINT('',(-3.E-1,1.5E-1,3.2875E0));
#3756=LINE('',#3755,#3754);
#3757=CURVE_STYLE('',#33,POSITIVE_LENGTH_MEASURE(2.E-2),#27);
#3758=PRESENTATION_STYLE_ASSIGNMENT((#3757));
#3759=STYLED_ITEM('',(#3758),#3756);
#3760=DIRECTION('',(1.E0,0.E0,0.E0));
#3761=VECTOR('',#3760,1.E-1);
#3762=CARTESIAN_POINT('',(-4.E-1,1.5E-1,3.0625E0));
#3763=LINE('',#3762,#3761);
#3764=CURVE_STYLE('',#33,POSITIVE_LENGTH_MEASURE(2.E-2),#27);
#3765=PRESENTATION_STYLE_ASSIGNMENT((#3764));
#3766=STYLED_ITEM('',(#3765),#3763);
#3767=DIRECTION('',(0.E0,0.E0,1.E0));
#3768=VECTOR('',#3767,1.5E-1);
#3769=CARTESIAN_POINT('',(-4.E-1,1.5E-1,2.9125E0));
#3770=LINE('',#3769,#3768);
#3771=CURVE_STYLE('',#33,POSITIVE_LENGTH_MEASURE(2.E-2),#27);
#3772=PRESENTATION_STYLE_ASSIGNMENT((#3771));
#3773=STYLED_ITEM('',(#3772),#3770);
#3774=DIRECTION('',(1.E0,0.E0,0.E0));
#3775=VECTOR('',#3774,1.2175E0);
#3776=CARTESIAN_POINT('',(-1.6175E0,1.5E-1,2.9125E0));
#3777=LINE('',#3776,#3775);
#3778=CURVE_STYLE('',#33,POSITIVE_LENGTH_MEASURE(2.E-2),#27);
#3779=PRESENTATION_STYLE_ASSIGNMENT((#3778));
#3780=STYLED_ITEM('',(#3779),#3777);
#3781=DIRECTION('',(0.E0,0.E0,1.E0));
#3782=VECTOR('',#3781,5.825E0);
#3783=CARTESIAN_POINT('',(-1.6175E0,1.5E-1,-2.9125E0));
#3784=LINE('',#3783,#3782);
#3785=CURVE_STYLE('',#33,POSITIVE_LENGTH_MEASURE(2.E-2),#27);
#3786=PRESENTATION_STYLE_ASSIGNMENT((#3785));
#3787=STYLED_ITEM('',(#3786),#3784);
#3788=DIRECTION('',(-1.E0,0.E0,0.E0));
#3789=VECTOR('',#3788,1.2175E0);
#3790=CARTESIAN_POINT('',(-4.E-1,1.5E-1,-2.9125E0));
#3791=LINE('',#3790,#3789);
#3792=CURVE_STYLE('',#33,POSITIVE_LENGTH_MEASURE(2.E-2),#27);
#3793=PRESENTATION_STYLE_ASSIGNMENT((#3792));
#3794=STYLED_ITEM('',(#3793),#3791);
#3795=DIRECTION('',(0.E0,0.E0,1.E0));
#3796=VECTOR('',#3795,1.5E-1);
#3797=CARTESIAN_POINT('',(-4.E-1,1.5E-1,-3.0625E0));
#3798=LINE('',#3797,#3796);
#3799=CURVE_STYLE('',#33,POSITIVE_LENGTH_MEASURE(2.E-2),#27);
#3800=PRESENTATION_STYLE_ASSIGNMENT((#3799));
#3801=STYLED_ITEM('',(#3800),#3798);
#3802=DIRECTION('',(-1.E0,0.E0,0.E0));
#3803=VECTOR('',#3802,1.E-1);
#3804=CARTESIAN_POINT('',(-3.E-1,1.5E-1,-3.0625E0));
#3805=LINE('',#3804,#3803);
#3806=CURVE_STYLE('',#33,POSITIVE_LENGTH_MEASURE(2.E-2),#27);
#3807=PRESENTATION_STYLE_ASSIGNMENT((#3806));
#3808=STYLED_ITEM('',(#3807),#3805);
#3809=DIRECTION('',(0.E0,0.E0,1.E0));
#3810=VECTOR('',#3809,2.25E-1);
#3811=CARTESIAN_POINT('',(-3.E-1,1.5E-1,-3.2875E0));
#3812=LINE('',#3811,#3810);
#3813=CURVE_STYLE('',#33,POSITIVE_LENGTH_MEASURE(2.E-2),#27);
#3814=PRESENTATION_STYLE_ASSIGNMENT((#3813));
#3815=STYLED_ITEM('',(#3814),#3812);
#3816=DIRECTION('',(-1.E0,0.E0,0.E0));
#3817=VECTOR('',#3816,6.E-1);
#3818=CARTESIAN_POINT('',(3.E-1,1.5E-1,-3.2875E0));
#3819=LINE('',#3818,#3817);
#3820=CURVE_STYLE('',#33,POSITIVE_LENGTH_MEASURE(2.E-2),#27);
#3821=PRESENTATION_STYLE_ASSIGNMENT((#3820));
#3822=STYLED_ITEM('',(#3821),#3819);
#3823=DIRECTION('',(0.E0,0.E0,-1.E0));
#3824=VECTOR('',#3823,2.25E-1);
#3825=CARTESIAN_POINT('',(3.E-1,1.5E-1,-3.0625E0));
#3826=LINE('',#3825,#3824);
#3827=CURVE_STYLE('',#33,POSITIVE_LENGTH_MEASURE(2.E-2),#27);
#3828=PRESENTATION_STYLE_ASSIGNMENT((#3827));
#3829=STYLED_ITEM('',(#3828),#3826);
#3830=DIRECTION('',(-1.E0,0.E0,0.E0));
#3831=VECTOR('',#3830,1.E-1);
#3832=CARTESIAN_POINT('',(4.E-1,1.5E-1,-3.0625E0));
#3833=LINE('',#3832,#3831);
#3834=CURVE_STYLE('',#33,POSITIVE_LENGTH_MEASURE(2.E-2),#27);
#3835=PRESENTATION_STYLE_ASSIGNMENT((#3834));
#3836=STYLED_ITEM('',(#3835),#3833);
#3837=DIRECTION('',(0.E0,0.E0,-1.E0));
#3838=VECTOR('',#3837,1.5E-1);
#3839=CARTESIAN_POINT('',(4.E-1,1.5E-1,-2.9125E0));
#3840=LINE('',#3839,#3838);
#3841=CURVE_STYLE('',#33,POSITIVE_LENGTH_MEASURE(2.E-2),#27);
#3842=PRESENTATION_STYLE_ASSIGNMENT((#3841));
#3843=STYLED_ITEM('',(#3842),#3840);
#3844=DIRECTION('',(-1.E0,0.E0,0.E0));
#3845=VECTOR('',#3844,1.2175E0);
#3846=CARTESIAN_POINT('',(1.6175E0,1.5E-1,-2.9125E0));
#3847=LINE('',#3846,#3845);
#3848=CURVE_STYLE('',#33,POSITIVE_LENGTH_MEASURE(2.E-2),#27);
#3849=PRESENTATION_STYLE_ASSIGNMENT((#3848));
#3850=STYLED_ITEM('',(#3849),#3847);
#3851=DIRECTION('',(0.E0,0.E0,-1.E0));
#3852=VECTOR('',#3851,5.825E0);
#3853=CARTESIAN_POINT('',(1.6175E0,1.5E-1,2.9125E0));
#3854=LINE('',#3853,#3852);
#3855=CURVE_STYLE('',#33,POSITIVE_LENGTH_MEASURE(2.E-2),#27);
#3856=PRESENTATION_STYLE_ASSIGNMENT((#3855));
#3857=STYLED_ITEM('',(#3856),#3854);
#3858=DIRECTION('',(1.E0,0.E0,0.E0));
#3859=VECTOR('',#3858,1.2175E0);
#3860=CARTESIAN_POINT('',(4.E-1,1.5E-1,2.9125E0));
#3861=LINE('',#3860,#3859);
#3862=CURVE_STYLE('',#33,POSITIVE_LENGTH_MEASURE(2.E-2),#27);
#3863=PRESENTATION_STYLE_ASSIGNMENT((#3862));
#3864=STYLED_ITEM('',(#3863),#3861);
#3865=DIRECTION('',(0.E0,0.E0,-1.E0));
#3866=VECTOR('',#3865,1.5E-1);
#3867=CARTESIAN_POINT('',(4.E-1,1.5E-1,3.0625E0));
#3868=LINE('',#3867,#3866);
#3869=CURVE_STYLE('',#33,POSITIVE_LENGTH_MEASURE(2.E-2),#27);
#3870=PRESENTATION_STYLE_ASSIGNMENT((#3869));
#3871=STYLED_ITEM('',(#3870),#3868);
#3872=DIRECTION('',(0.E0,1.E0,0.E0));
#3873=VECTOR('',#3872,1.5E-1);
#3874=CARTESIAN_POINT('',(-4.E-1,0.E0,2.9125E0));
#3875=LINE('',#3874,#3873);
#3876=CURVE_STYLE('',#33,POSITIVE_LENGTH_MEASURE(2.E-2),#27);
#3877=PRESENTATION_STYLE_ASSIGNMENT((#3876));
#3878=STYLED_ITEM('',(#3877),#3875);
#3879=DIRECTION('',(0.E0,1.E0,0.E0));
#3880=VECTOR('',#3879,1.5E-1);
#3881=CARTESIAN_POINT('',(-1.6175E0,0.E0,2.9125E0));
#3882=LINE('',#3881,#3880);
#3883=CURVE_STYLE('',#33,POSITIVE_LENGTH_MEASURE(2.E-2),#27);
#3884=PRESENTATION_STYLE_ASSIGNMENT((#3883));
#3885=STYLED_ITEM('',(#3884),#3882);
#3886=DIRECTION('',(0.E0,1.E0,0.E0));
#3887=VECTOR('',#3886,1.5E-1);
#3888=CARTESIAN_POINT('',(4.E-1,0.E0,2.9125E0));
#3889=LINE('',#3888,#3887);
#3890=CURVE_STYLE('',#33,POSITIVE_LENGTH_MEASURE(2.E-2),#27);
#3891=PRESENTATION_STYLE_ASSIGNMENT((#3890));
#3892=STYLED_ITEM('',(#3891),#3889);
#3893=DIRECTION('',(0.E0,1.E0,0.E0));
#3894=VECTOR('',#3893,1.5E-1);
#3895=CARTESIAN_POINT('',(-1.6175E0,0.E0,-2.9125E0));
#3896=LINE('',#3895,#3894);
#3897=CURVE_STYLE('',#33,POSITIVE_LENGTH_MEASURE(2.E-2),#27);
#3898=PRESENTATION_STYLE_ASSIGNMENT((#3897));
#3899=STYLED_ITEM('',(#3898),#3896);
#3900=DIRECTION('',(0.E0,1.E0,0.E0));
#3901=VECTOR('',#3900,1.5E-1);
#3902=CARTESIAN_POINT('',(4.E-1,0.E0,-2.9125E0));
#3903=LINE('',#3902,#3901);
#3904=CURVE_STYLE('',#33,POSITIVE_LENGTH_MEASURE(2.E-2),#27);
#3905=PRESENTATION_STYLE_ASSIGNMENT((#3904));
#3906=STYLED_ITEM('',(#3905),#3903);
#3907=DIRECTION('',(0.E0,1.E0,0.E0));
#3908=VECTOR('',#3907,1.5E-1);
#3909=CARTESIAN_POINT('',(1.6175E0,0.E0,-2.9125E0));
#3910=LINE('',#3909,#3908);
#3911=CURVE_STYLE('',#33,POSITIVE_LENGTH_MEASURE(2.E-2),#27);
#3912=PRESENTATION_STYLE_ASSIGNMENT((#3911));
#3913=STYLED_ITEM('',(#3912),#3910);
#3914=DIRECTION('',(0.E0,1.E0,0.E0));
#3915=VECTOR('',#3914,1.5E-1);
#3916=CARTESIAN_POINT('',(-4.E-1,0.E0,-2.9125E0));
#3917=LINE('',#3916,#3915);
#3918=CURVE_STYLE('',#33,POSITIVE_LENGTH_MEASURE(2.E-2),#27);
#3919=PRESENTATION_STYLE_ASSIGNMENT((#3918));
#3920=STYLED_ITEM('',(#3919),#3917);
#3921=DIRECTION('',(0.E0,1.E0,0.E0));
#3922=VECTOR('',#3921,1.5E-1);
#3923=CARTESIAN_POINT('',(3.E-1,0.E0,-3.0625E0));
#3924=LINE('',#3923,#3922);
#3925=CURVE_STYLE('',#33,POSITIVE_LENGTH_MEASURE(2.E-2),#27);
#3926=PRESENTATION_STYLE_ASSIGNMENT((#3925));
#3927=STYLED_ITEM('',(#3926),#3924);
#3928=DIRECTION('',(0.E0,1.E0,0.E0));
#3929=VECTOR('',#3928,1.5E-1);
#3930=CARTESIAN_POINT('',(4.E-1,0.E0,-3.0625E0));
#3931=LINE('',#3930,#3929);
#3932=CURVE_STYLE('',#33,POSITIVE_LENGTH_MEASURE(2.E-2),#27);
#3933=PRESENTATION_STYLE_ASSIGNMENT((#3932));
#3934=STYLED_ITEM('',(#3933),#3931);
#3935=DIRECTION('',(0.E0,1.E0,0.E0));
#3936=VECTOR('',#3935,1.5E-1);
#3937=CARTESIAN_POINT('',(-3.E-1,0.E0,-3.0625E0));
#3938=LINE('',#3937,#3936);
#3939=CURVE_STYLE('',#33,POSITIVE_LENGTH_MEASURE(2.E-2),#27);
#3940=PRESENTATION_STYLE_ASSIGNMENT((#3939));
#3941=STYLED_ITEM('',(#3940),#3938);
#3942=DIRECTION('',(0.E0,1.E0,0.E0));
#3943=VECTOR('',#3942,1.5E-1);
#3944=CARTESIAN_POINT('',(3.E-1,0.E0,-3.2875E0));
#3945=LINE('',#3944,#3943);
#3946=CURVE_STYLE('',#33,POSITIVE_LENGTH_MEASURE(2.E-2),#27);
#3947=PRESENTATION_STYLE_ASSIGNMENT((#3946));
#3948=STYLED_ITEM('',(#3947),#3945);
#3949=DIRECTION('',(0.E0,1.E0,0.E0));
#3950=VECTOR('',#3949,1.5E-1);
#3951=CARTESIAN_POINT('',(-3.E-1,0.E0,-3.2875E0));
#3952=LINE('',#3951,#3950);
#3953=CURVE_STYLE('',#33,POSITIVE_LENGTH_MEASURE(2.E-2),#27);
#3954=PRESENTATION_STYLE_ASSIGNMENT((#3953));
#3955=STYLED_ITEM('',(#3954),#3952);
#3956=DIRECTION('',(0.E0,1.E0,0.E0));
#3957=VECTOR('',#3956,1.5E-1);
#3958=CARTESIAN_POINT('',(-4.E-1,0.E0,-3.0625E0));
#3959=LINE('',#3958,#3957);
#3960=CURVE_STYLE('',#33,POSITIVE_LENGTH_MEASURE(2.E-2),#27);
#3961=PRESENTATION_STYLE_ASSIGNMENT((#3960));
#3962=STYLED_ITEM('',(#3961),#3959);
#3963=DIRECTION('',(0.E0,1.E0,0.E0));
#3964=VECTOR('',#3963,1.5E-1);
#3965=CARTESIAN_POINT('',(1.6175E0,0.E0,2.9125E0));
#3966=LINE('',#3965,#3964);
#3967=CURVE_STYLE('',#33,POSITIVE_LENGTH_MEASURE(2.E-2),#27);
#3968=PRESENTATION_STYLE_ASSIGNMENT((#3967));
#3969=STYLED_ITEM('',(#3968),#3966);
#3970=DIRECTION('',(0.E0,1.E0,0.E0));
#3971=VECTOR('',#3970,1.5E-1);
#3972=CARTESIAN_POINT('',(4.E-1,0.E0,3.0625E0));
#3973=LINE('',#3972,#3971);
#3974=CURVE_STYLE('',#33,POSITIVE_LENGTH_MEASURE(2.E-2),#27);
#3975=PRESENTATION_STYLE_ASSIGNMENT((#3974));
#3976=STYLED_ITEM('',(#3975),#3973);
#3977=CARTESIAN_POINT('',(-1.6175E0,0.E0,-2.9125E0));
#3978=CARTESIAN_POINT('',(-1.6175E0,0.E0,2.9125E0));
#3979=VERTEX_POINT('',#3977);
#3980=VERTEX_POINT('',#3978);
#3981=CARTESIAN_POINT('',(1.6175E0,0.E0,2.9125E0));
#3982=CARTESIAN_POINT('',(1.6175E0,0.E0,-2.9125E0));
#3983=VERTEX_POINT('',#3981);
#3984=VERTEX_POINT('',#3982);
#3985=CARTESIAN_POINT('',(-1.6175E0,1.5E-1,-2.9125E0));
#3986=CARTESIAN_POINT('',(-1.6175E0,1.5E-1,2.9125E0));
#3987=VERTEX_POINT('',#3985);
#3988=VERTEX_POINT('',#3986);
#3989=CARTESIAN_POINT('',(1.6175E0,1.5E-1,2.9125E0));
#3990=CARTESIAN_POINT('',(1.6175E0,1.5E-1,-2.9125E0));
#3991=VERTEX_POINT('',#3989);
#3992=VERTEX_POINT('',#3990);
#3993=CARTESIAN_POINT('',(4.E-1,0.E0,-3.0625E0));
#3994=CARTESIAN_POINT('',(4.E-1,1.5E-1,-3.0625E0));
#3995=VERTEX_POINT('',#3993);
#3996=VERTEX_POINT('',#3994);
#3997=CARTESIAN_POINT('',(-4.E-1,0.E0,-3.0625E0));
#3998=CARTESIAN_POINT('',(-4.E-1,1.5E-1,-3.0625E0));
#3999=VERTEX_POINT('',#3997);
#4000=VERTEX_POINT('',#3998);
#4001=CARTESIAN_POINT('',(-4.E-1,0.E0,3.0625E0));
#4002=CARTESIAN_POINT('',(-4.E-1,1.5E-1,3.0625E0));
#4003=VERTEX_POINT('',#4001);
#4004=VERTEX_POINT('',#4002);
#4005=CARTESIAN_POINT('',(4.E-1,0.E0,3.0625E0));
#4006=CARTESIAN_POINT('',(4.E-1,1.5E-1,3.0625E0));
#4007=VERTEX_POINT('',#4005);
#4008=VERTEX_POINT('',#4006);
#4009=CARTESIAN_POINT('',(-4.E-1,0.E0,2.9125E0));
#4010=CARTESIAN_POINT('',(-4.E-1,1.5E-1,2.9125E0));
#4011=VERTEX_POINT('',#4009);
#4012=VERTEX_POINT('',#4010);
#4013=CARTESIAN_POINT('',(4.E-1,0.E0,2.9125E0));
#4014=CARTESIAN_POINT('',(4.E-1,1.5E-1,2.9125E0));
#4015=VERTEX_POINT('',#4013);
#4016=VERTEX_POINT('',#4014);
#4017=CARTESIAN_POINT('',(4.E-1,0.E0,-2.9125E0));
#4018=CARTESIAN_POINT('',(4.E-1,1.5E-1,-2.9125E0));
#4019=VERTEX_POINT('',#4017);
#4020=VERTEX_POINT('',#4018);
#4021=CARTESIAN_POINT('',(-4.E-1,0.E0,-2.9125E0));
#4022=CARTESIAN_POINT('',(-4.E-1,1.5E-1,-2.9125E0));
#4023=VERTEX_POINT('',#4021);
#4024=VERTEX_POINT('',#4022);
#4025=CARTESIAN_POINT('',(3.E-1,0.E0,-3.2875E0));
#4026=CARTESIAN_POINT('',(-3.E-1,0.E0,-3.2875E0));
#4027=VERTEX_POINT('',#4025);
#4028=VERTEX_POINT('',#4026);
#4029=CARTESIAN_POINT('',(3.E-1,1.5E-1,-3.2875E0));
#4030=CARTESIAN_POINT('',(-3.E-1,1.5E-1,-3.2875E0));
#4031=VERTEX_POINT('',#4029);
#4032=VERTEX_POINT('',#4030);
#4033=CARTESIAN_POINT('',(3.E-1,0.E0,-3.0625E0));
#4034=CARTESIAN_POINT('',(3.E-1,1.5E-1,-3.0625E0));
#4035=VERTEX_POINT('',#4033);
#4036=VERTEX_POINT('',#4034);
#4037=CARTESIAN_POINT('',(-3.E-1,0.E0,-3.0625E0));
#4038=CARTESIAN_POINT('',(-3.E-1,1.5E-1,-3.0625E0));
#4039=VERTEX_POINT('',#4037);
#4040=VERTEX_POINT('',#4038);
#4041=CARTESIAN_POINT('',(3.E-1,0.E0,3.2875E0));
#4042=CARTESIAN_POINT('',(-3.E-1,0.E0,3.2875E0));
#4043=VERTEX_POINT('',#4041);
#4044=VERTEX_POINT('',#4042);
#4045=CARTESIAN_POINT('',(3.E-1,1.5E-1,3.2875E0));
#4046=CARTESIAN_POINT('',(-3.E-1,1.5E-1,3.2875E0));
#4047=VERTEX_POINT('',#4045);
#4048=VERTEX_POINT('',#4046);
#4049=CARTESIAN_POINT('',(3.E-1,0.E0,3.0625E0));
#4050=VERTEX_POINT('',#4049);
#4051=CARTESIAN_POINT('',(-3.E-1,0.E0,3.0625E0));
#4052=VERTEX_POINT('',#4051);
#4053=CARTESIAN_POINT('',(3.E-1,1.5E-1,3.0625E0));
#4054=VERTEX_POINT('',#4053);
#4055=CARTESIAN_POINT('',(-3.E-1,1.5E-1,3.0625E0));
#4056=VERTEX_POINT('',#4055);
#4057=CARTESIAN_POINT('',(0.E0,0.E0,0.E0));
#4058=DIRECTION('',(0.E0,1.E0,0.E0));
#4059=DIRECTION('',(1.E0,0.E0,0.E0));
#4060=AXIS2_PLACEMENT_3D('',#4057,#4058,#4059);
#4061=PLANE('',#4060);
#4063=ORIENTED_EDGE('',*,*,#4062,.T.);
#4065=ORIENTED_EDGE('',*,*,#4064,.F.);
#4067=ORIENTED_EDGE('',*,*,#4066,.F.);
#4069=ORIENTED_EDGE('',*,*,#4068,.F.);
#4071=ORIENTED_EDGE('',*,*,#4070,.T.);
#4073=ORIENTED_EDGE('',*,*,#4072,.T.);
#4075=ORIENTED_EDGE('',*,*,#4074,.T.);
#4077=ORIENTED_EDGE('',*,*,#4076,.T.);
#4079=ORIENTED_EDGE('',*,*,#4078,.T.);
#4081=ORIENTED_EDGE('',*,*,#4080,.T.);
#4083=ORIENTED_EDGE('',*,*,#4082,.T.);
#4085=ORIENTED_EDGE('',*,*,#4084,.T.);
#4087=ORIENTED_EDGE('',*,*,#4086,.T.);
#4089=ORIENTED_EDGE('',*,*,#4088,.T.);
#4091=ORIENTED_EDGE('',*,*,#4090,.T.);
#4093=ORIENTED_EDGE('',*,*,#4092,.T.);
#4095=ORIENTED_EDGE('',*,*,#4094,.T.);
#4097=ORIENTED_EDGE('',*,*,#4096,.T.);
#4099=ORIENTED_EDGE('',*,*,#4098,.T.);
#4101=ORIENTED_EDGE('',*,*,#4100,.T.);
#4102=EDGE_LOOP('',(#4063,#4065,#4067,#4069,#4071,#4073,#4075,#4077,#4079,#4081,
#4083,#4085,#4087,#4089,#4091,#4093,#4095,#4097,#4099,#4101));
#4103=FACE_OUTER_BOUND('',#4102,.F.);
#4104=ADVANCED_FACE('',(#4103),#4061,.F.);
#4105=CARTESIAN_POINT('',(-4.E-1,0.E0,3.0625E0));
#4106=DIRECTION('',(0.E0,0.E0,1.E0));
#4107=DIRECTION('',(1.E0,0.E0,0.E0));
#4108=AXIS2_PLACEMENT_3D('',#4105,#4106,#4107);
#4109=PLANE('',#4108);
#4111=ORIENTED_EDGE('',*,*,#4110,.T.);
#4113=ORIENTED_EDGE('',*,*,#4112,.T.);
#4115=ORIENTED_EDGE('',*,*,#4114,.F.);
#4116=ORIENTED_EDGE('',*,*,#4070,.F.);
#4117=EDGE_LOOP('',(#4111,#4113,#4115,#4116));
#4118=FACE_OUTER_BOUND('',#4117,.F.);
#4119=ADVANCED_FACE('',(#4118),#4109,.T.);
#4120=CARTESIAN_POINT('',(-4.E-1,0.E0,3.0625E0));
#4121=DIRECTION('',(0.E0,0.E0,1.E0));
#4122=DIRECTION('',(1.E0,0.E0,0.E0));
#4123=AXIS2_PLACEMENT_3D('',#4120,#4121,#4122);
#4124=PLANE('',#4123);
#4126=ORIENTED_EDGE('',*,*,#4125,.F.);
#4127=ORIENTED_EDGE('',*,*,#4062,.F.);
#4129=ORIENTED_EDGE('',*,*,#4128,.T.);
#4131=ORIENTED_EDGE('',*,*,#4130,.T.);
#4132=EDGE_LOOP('',(#4126,#4127,#4129,#4131));
#4133=FACE_OUTER_BOUND('',#4132,.F.);
#4134=ADVANCED_FACE('',(#4133),#4124,.T.);
#4135=CARTESIAN_POINT('',(3.E-1,0.E0,3.0625E0));
#4136=DIRECTION('',(-1.E0,0.E0,0.E0));
#4137=DIRECTION('',(0.E0,0.E0,1.E0));
#4138=AXIS2_PLACEMENT_3D('',#4135,#4136,#4137);
#4139=PLANE('',#4138);
#4140=ORIENTED_EDGE('',*,*,#4068,.T.);
#4142=ORIENTED_EDGE('',*,*,#4141,.T.);
#4144=ORIENTED_EDGE('',*,*,#4143,.F.);
#4145=ORIENTED_EDGE('',*,*,#4110,.F.);
#4146=EDGE_LOOP('',(#4140,#4142,#4144,#4145));
#4147=FACE_OUTER_BOUND('',#4146,.F.);
#4148=ADVANCED_FACE('',(#4147),#4139,.F.);
#4149=CARTESIAN_POINT('',(3.E-1,0.E0,3.2875E0));
#4150=DIRECTION('',(0.E0,0.E0,-1.E0));
#4151=DIRECTION('',(-1.E0,0.E0,0.E0));
#4152=AXIS2_PLACEMENT_3D('',#4149,#4150,#4151);
#4153=PLANE('',#4152);
#4154=ORIENTED_EDGE('',*,*,#4066,.T.);
#4156=ORIENTED_EDGE('',*,*,#4155,.T.);
#4158=ORIENTED_EDGE('',*,*,#4157,.F.);
#4159=ORIENTED_EDGE('',*,*,#4141,.F.);
#4160=EDGE_LOOP('',(#4154,#4156,#4158,#4159));
#4161=FACE_OUTER_BOUND('',#4160,.F.);
#4162=ADVANCED_FACE('',(#4161),#4153,.F.);
#4163=CARTESIAN_POINT('',(-3.E-1,0.E0,3.2875E0));
#4164=DIRECTION('',(1.E0,0.E0,0.E0));
#4165=DIRECTION('',(0.E0,0.E0,-1.E0));
#4166=AXIS2_PLACEMENT_3D('',#4163,#4164,#4165);
#4167=PLANE('',#4166);
#4168=ORIENTED_EDGE('',*,*,#4064,.T.);
#4169=ORIENTED_EDGE('',*,*,#4125,.T.);
#4171=ORIENTED_EDGE('',*,*,#4170,.F.);
#4172=ORIENTED_EDGE('',*,*,#4155,.F.);
#4173=EDGE_LOOP('',(#4168,#4169,#4171,#4172));
#4174=FACE_OUTER_BOUND('',#4173,.F.);
#4175=ADVANCED_FACE('',(#4174),#4167,.F.);
#4176=CARTESIAN_POINT('',(0.E0,1.5E-1,0.E0));
#4177=DIRECTION('',(0.E0,1.E0,0.E0));
#4178=DIRECTION('',(1.E0,0.E0,0.E0));
#4179=AXIS2_PLACEMENT_3D('',#4176,#4177,#4178);
#4180=PLANE('',#4179);
#4181=ORIENTED_EDGE('',*,*,#4112,.F.);
#4182=ORIENTED_EDGE('',*,*,#4143,.T.);
#4183=ORIENTED_EDGE('',*,*,#4157,.T.);
#4184=ORIENTED_EDGE('',*,*,#4170,.T.);
#4185=ORIENTED_EDGE('',*,*,#4130,.F.);
#4187=ORIENTED_EDGE('',*,*,#4186,.F.);
#4189=ORIENTED_EDGE('',*,*,#4188,.F.);
#4191=ORIENTED_EDGE('',*,*,#4190,.F.);
#4193=ORIENTED_EDGE('',*,*,#4192,.F.);
#4195=ORIENTED_EDGE('',*,*,#4194,.F.);
#4197=ORIENTED_EDGE('',*,*,#4196,.F.);
#4199=ORIENTED_EDGE('',*,*,#4198,.F.);
#4201=ORIENTED_EDGE('',*,*,#4200,.F.);
#4203=ORIENTED_EDGE('',*,*,#4202,.F.);
#4205=ORIENTED_EDGE('',*,*,#4204,.F.);
#4207=ORIENTED_EDGE('',*,*,#4206,.F.);
#4209=ORIENTED_EDGE('',*,*,#4208,.F.);
#4211=ORIENTED_EDGE('',*,*,#4210,.F.);
#4213=ORIENTED_EDGE('',*,*,#4212,.F.);
#4215=ORIENTED_EDGE('',*,*,#4214,.F.);
#4216=EDGE_LOOP('',(#4181,#4182,#4183,#4184,#4185,#4187,#4189,#4191,#4193,#4195,
#4197,#4199,#4201,#4203,#4205,#4207,#4209,#4211,#4213,#4215));
#4217=FACE_OUTER_BOUND('',#4216,.F.);
#4218=ADVANCED_FACE('',(#4217),#4180,.T.);
#4219=CARTESIAN_POINT('',(-4.E-1,0.E0,2.9125E0));
#4220=DIRECTION('',(-1.E0,0.E0,0.E0));
#4221=DIRECTION('',(0.E0,0.E0,1.E0));
#4222=AXIS2_PLACEMENT_3D('',#4219,#4220,#4221);
#4223=PLANE('',#4222);
#4225=ORIENTED_EDGE('',*,*,#4224,.T.);
#4226=ORIENTED_EDGE('',*,*,#4186,.T.);
#4227=ORIENTED_EDGE('',*,*,#4128,.F.);
#4228=ORIENTED_EDGE('',*,*,#4100,.F.);
#4229=EDGE_LOOP('',(#4225,#4226,#4227,#4228));
#4230=FACE_OUTER_BOUND('',#4229,.F.);
#4231=ADVANCED_FACE('',(#4230),#4223,.T.);
#4232=CARTESIAN_POINT('',(-1.6175E0,0.E0,2.9125E0));
#4233=DIRECTION('',(0.E0,0.E0,1.E0));
#4234=DIRECTION('',(1.E0,0.E0,0.E0));
#4235=AXIS2_PLACEMENT_3D('',#4232,#4233,#4234);
#4236=PLANE('',#4235);
#4237=ORIENTED_EDGE('',*,*,#4224,.F.);
#4238=ORIENTED_EDGE('',*,*,#4098,.F.);
#4240=ORIENTED_EDGE('',*,*,#4239,.T.);
#4241=ORIENTED_EDGE('',*,*,#4188,.T.);
#4242=EDGE_LOOP('',(#4237,#4238,#4240,#4241));
#4243=FACE_OUTER_BOUND('',#4242,.F.);
#4244=ADVANCED_FACE('',(#4243),#4236,.T.);
#4245=CARTESIAN_POINT('',(-1.6175E0,0.E0,2.9125E0));
#4246=DIRECTION('',(0.E0,0.E0,1.E0));
#4247=DIRECTION('',(1.E0,0.E0,0.E0));
#4248=AXIS2_PLACEMENT_3D('',#4245,#4246,#4247);
#4249=PLANE('',#4248);
#4251=ORIENTED_EDGE('',*,*,#4250,.T.);
#4252=ORIENTED_EDGE('',*,*,#4212,.T.);
#4254=ORIENTED_EDGE('',*,*,#4253,.F.);
#4255=ORIENTED_EDGE('',*,*,#4074,.F.);
#4256=EDGE_LOOP('',(#4251,#4252,#4254,#4255));
#4257=FACE_OUTER_BOUND('',#4256,.F.);
#4258=ADVANCED_FACE('',(#4257),#4249,.T.);
#4259=CARTESIAN_POINT('',(-1.6175E0,0.E0,-2.9125E0));
#4260=DIRECTION('',(-1.E0,0.E0,0.E0));
#4261=DIRECTION('',(0.E0,0.E0,1.E0));
#4262=AXIS2_PLACEMENT_3D('',#4259,#4260,#4261);
#4263=PLANE('',#4262);
#4264=ORIENTED_EDGE('',*,*,#4096,.F.);
#4266=ORIENTED_EDGE('',*,*,#4265,.T.);
#4267=ORIENTED_EDGE('',*,*,#4190,.T.);
#4268=ORIENTED_EDGE('',*,*,#4239,.F.);
#4269=EDGE_LOOP('',(#4264,#4266,#4267,#4268));
#4270=FACE_OUTER_BOUND('',#4269,.F.);
#4271=ADVANCED_FACE('',(#4270),#4263,.T.);
#4272=CARTESIAN_POINT('',(1.6175E0,0.E0,-2.9125E0));
#4273=DIRECTION('',(0.E0,0.E0,-1.E0));
#4274=DIRECTION('',(-1.E0,0.E0,0.E0));
#4275=AXIS2_PLACEMENT_3D('',#4272,#4273,#4274);
#4276=PLANE('',#4275);
#4278=ORIENTED_EDGE('',*,*,#4277,.F.);
#4279=ORIENTED_EDGE('',*,*,#4078,.F.);
#4281=ORIENTED_EDGE('',*,*,#4280,.T.);
#4282=ORIENTED_EDGE('',*,*,#4208,.T.);
#4283=EDGE_LOOP('',(#4278,#4279,#4281,#4282));
#4284=FACE_OUTER_BOUND('',#4283,.F.);
#4285=ADVANCED_FACE('',(#4284),#4276,.T.);
#4286=CARTESIAN_POINT('',(1.6175E0,0.E0,-2.9125E0));
#4287=DIRECTION('',(0.E0,0.E0,-1.E0));
#4288=DIRECTION('',(-1.E0,0.E0,0.E0));
#4289=AXIS2_PLACEMENT_3D('',#4286,#4287,#4288);
#4290=PLANE('',#4289);
#4292=ORIENTED_EDGE('',*,*,#4291,.T.);
#4293=ORIENTED_EDGE('',*,*,#4192,.T.);
#4294=ORIENTED_EDGE('',*,*,#4265,.F.);
#4295=ORIENTED_EDGE('',*,*,#4094,.F.);
#4296=EDGE_LOOP('',(#4292,#4293,#4294,#4295));
#4297=FACE_OUTER_BOUND('',#4296,.F.);
#4298=ADVANCED_FACE('',(#4297),#4290,.T.);
#4299=CARTESIAN_POINT('',(4.E-1,0.E0,-2.9125E0));
#4300=DIRECTION('',(1.E0,0.E0,0.E0));
#4301=DIRECTION('',(0.E0,0.E0,-1.E0));
#4302=AXIS2_PLACEMENT_3D('',#4299,#4300,#4301);
#4303=PLANE('',#4302);
#4304=ORIENTED_EDGE('',*,*,#4277,.T.);
#4305=ORIENTED_EDGE('',*,*,#4206,.T.);
#4307=ORIENTED_EDGE('',*,*,#4306,.F.);
#4308=ORIENTED_EDGE('',*,*,#4080,.F.);
#4309=EDGE_LOOP('',(#4304,#4305,#4307,#4308));
#4310=FACE_OUTER_BOUND('',#4309,.F.);
#4311=ADVANCED_FACE('',(#4310),#4303,.T.);
#4312=CARTESIAN_POINT('',(4.E-1,0.E0,-3.0625E0));
#4313=DIRECTION('',(0.E0,0.E0,-1.E0));
#4314=DIRECTION('',(-1.E0,0.E0,0.E0));
#4315=AXIS2_PLACEMENT_3D('',#4312,#4313,#4314);
#4316=PLANE('',#4315);
#4318=ORIENTED_EDGE('',*,*,#4317,.F.);
#4319=ORIENTED_EDGE('',*,*,#4082,.F.);
#4320=ORIENTED_EDGE('',*,*,#4306,.T.);
#4321=ORIENTED_EDGE('',*,*,#4204,.T.);
#4322=EDGE_LOOP('',(#4318,#4319,#4320,#4321));
#4323=FACE_OUTER_BOUND('',#4322,.F.);
#4324=ADVANCED_FACE('',(#4323),#4316,.T.);
#4325=CARTESIAN_POINT('',(4.E-1,0.E0,-3.0625E0));
#4326=DIRECTION('',(0.E0,0.E0,-1.E0));
#4327=DIRECTION('',(-1.E0,0.E0,0.E0));
#4328=AXIS2_PLACEMENT_3D('',#4325,#4326,#4327);
#4329=PLANE('',#4328);
#4331=ORIENTED_EDGE('',*,*,#4330,.T.);
#4332=ORIENTED_EDGE('',*,*,#4196,.T.);
#4334=ORIENTED_EDGE('',*,*,#4333,.F.);
#4335=ORIENTED_EDGE('',*,*,#4090,.F.);
#4336=EDGE_LOOP('',(#4331,#4332,#4334,#4335));
#4337=FACE_OUTER_BOUND('',#4336,.F.);
#4338=ADVANCED_FACE('',(#4337),#4329,.T.);
#4339=CARTESIAN_POINT('',(3.E-1,0.E0,-3.0625E0));
#4340=DIRECTION('',(1.E0,0.E0,0.E0));
#4341=DIRECTION('',(0.E0,0.E0,-1.E0));
#4342=AXIS2_PLACEMENT_3D('',#4339,#4340,#4341);
#4343=PLANE('',#4342);
#4344=ORIENTED_EDGE('',*,*,#4317,.T.);
#4345=ORIENTED_EDGE('',*,*,#4202,.T.);
#4347=ORIENTED_EDGE('',*,*,#4346,.F.);
#4348=ORIENTED_EDGE('',*,*,#4084,.F.);
#4349=EDGE_LOOP('',(#4344,#4345,#4347,#4348));
#4350=FACE_OUTER_BOUND('',#4349,.F.);
#4351=ADVANCED_FACE('',(#4350),#4343,.T.);
#4352=CARTESIAN_POINT('',(3.E-1,0.E0,-3.2875E0));
#4353=DIRECTION('',(0.E0,0.E0,-1.E0));
#4354=DIRECTION('',(-1.E0,0.E0,0.E0));
#4355=AXIS2_PLACEMENT_3D('',#4352,#4353,#4354);
#4356=PLANE('',#4355);
#4357=ORIENTED_EDGE('',*,*,#4086,.F.);
#4358=ORIENTED_EDGE('',*,*,#4346,.T.);
#4359=ORIENTED_EDGE('',*,*,#4200,.T.);
#4361=ORIENTED_EDGE('',*,*,#4360,.F.);
#4362=EDGE_LOOP('',(#4357,#4358,#4359,#4361));
#4363=FACE_OUTER_BOUND('',#4362,.F.);
#4364=ADVANCED_FACE('',(#4363),#4356,.T.);
#4365=CARTESIAN_POINT('',(-3.E-1,0.E0,-3.2875E0));
#4366=DIRECTION('',(-1.E0,0.E0,0.E0));
#4367=DIRECTION('',(0.E0,0.E0,1.E0));
#4368=AXIS2_PLACEMENT_3D('',#4365,#4366,#4367);
#4369=PLANE('',#4368);
#4370=ORIENTED_EDGE('',*,*,#4330,.F.);
#4371=ORIENTED_EDGE('',*,*,#4088,.F.);
#4372=ORIENTED_EDGE('',*,*,#4360,.T.);
#4373=ORIENTED_EDGE('',*,*,#4198,.T.);
#4374=EDGE_LOOP('',(#4370,#4371,#4372,#4373));
#4375=FACE_OUTER_BOUND('',#4374,.F.);
#4376=ADVANCED_FACE('',(#4375),#4369,.T.);
#4377=CARTESIAN_POINT('',(-4.E-1,0.E0,-3.0625E0));
#4378=DIRECTION('',(-1.E0,0.E0,0.E0));
#4379=DIRECTION('',(0.E0,0.E0,1.E0));
#4380=AXIS2_PLACEMENT_3D('',#4377,#4378,#4379);
#4381=PLANE('',#4380);
#4382=ORIENTED_EDGE('',*,*,#4291,.F.);
#4383=ORIENTED_EDGE('',*,*,#4092,.F.);
#4384=ORIENTED_EDGE('',*,*,#4333,.T.);
#4385=ORIENTED_EDGE('',*,*,#4194,.T.);
#4386=EDGE_LOOP('',(#4382,#4383,#4384,#4385));
#4387=FACE_OUTER_BOUND('',#4386,.F.);
#4388=ADVANCED_FACE('',(#4387),#4381,.T.);
#4389=CARTESIAN_POINT('',(1.6175E0,0.E0,2.9125E0));
#4390=DIRECTION('',(1.E0,0.E0,0.E0));
#4391=DIRECTION('',(0.E0,0.E0,-1.E0));
#4392=AXIS2_PLACEMENT_3D('',#4389,#4390,#4391);
#4393=PLANE('',#4392);
#4394=ORIENTED_EDGE('',*,*,#4076,.F.);
#4395=ORIENTED_EDGE('',*,*,#4253,.T.);
#4396=ORIENTED_EDGE('',*,*,#4210,.T.);
#4397=ORIENTED_EDGE('',*,*,#4280,.F.);
#4398=EDGE_LOOP('',(#4394,#4395,#4396,#4397));
#4399=FACE_OUTER_BOUND('',#4398,.F.);
#4400=ADVANCED_FACE('',(#4399),#4393,.T.);
#4401=CARTESIAN_POINT('',(4.E-1,0.E0,3.0625E0));
#4402=DIRECTION('',(1.E0,0.E0,0.E0));
#4403=DIRECTION('',(0.E0,0.E0,-1.E0));
#4404=AXIS2_PLACEMENT_3D('',#4401,#4402,#4403);
#4405=PLANE('',#4404);
#4406=ORIENTED_EDGE('',*,*,#4250,.F.);
#4407=ORIENTED_EDGE('',*,*,#4072,.F.);
#4408=ORIENTED_EDGE('',*,*,#4114,.T.);
#4409=ORIENTED_EDGE('',*,*,#4214,.T.);
#4410=EDGE_LOOP('',(#4406,#4407,#4408,#4409));
#4411=FACE_OUTER_BOUND('',#4410,.F.);
#4412=ADVANCED_FACE('',(#4411),#4405,.T.);
#4413=CLOSED_SHELL('',(#4104,#4119,#4134,#4148,#4162,#4175,#4218,#4231,#4244,
#4258,#4271,#4285,#4298,#4311,#4324,#4338,#4351,#4364,#4376,#4388,#4400,#4412));
#4414=MANIFOLD_SOLID_BREP('',#4413);
#4415=FILL_AREA_STYLE_COLOUR('',#27);
#4416=FILL_AREA_STYLE('',(#4415));
#4417=SURFACE_STYLE_FILL_AREA(#4416);
#4418=SURFACE_SIDE_STYLE('',(#4417));
#4419=SURFACE_STYLE_USAGE(.BOTH.,#4418);
#4420=PRESENTATION_STYLE_ASSIGNMENT((#4419));
#3556=STYLED_ITEM('',(#4420),#4414);
#4422=DIMENSIONAL_EXPONENTS(0.E0,0.E0,0.E0,0.E0,0.E0,0.E0,0.E0);
#4424=PLANE_ANGLE_MEASURE_WITH_UNIT(PLANE_ANGLE_MEASURE(1.745329251994E-2),
#4423);
#4425=(CONVERSION_BASED_UNIT('DEGREE',#4424)NAMED_UNIT(*)PLANE_ANGLE_UNIT());
#4427=UNCERTAINTY_MEASURE_WITH_UNIT(LENGTH_MEASURE(7.329030022293E-4),#4421,
'closure',
'Maximum model space distance between geometric entities at asserted connectivities');
#4428=(GEOMETRIC_REPRESENTATION_CONTEXT(3)GLOBAL_UNCERTAINTY_ASSIGNED_CONTEXT((
#4427))GLOBAL_UNIT_ASSIGNED_CONTEXT((#4421,#4425,#4426))REPRESENTATION_CONTEXT(
'ID3','3'));
#4429=CARTESIAN_POINT('',(0.E0,0.E0,0.E0));
#4430=DIRECTION('',(0.E0,0.E0,1.E0));
#4431=DIRECTION('',(1.E0,0.E0,0.E0));
#4434=DESIGN_CONTEXT('',#2475,'design');
#4435=MECHANICAL_CONTEXT('',#2475,'mechanical');
#4436=PRODUCT('DAP','DAP','NOT SPECIFIED',(#4435));
#4437=PRODUCT_DEFINITION_FORMATION_WITH_SPECIFIED_SOURCE('12','LAST_VERSION',
#4436,.MADE.);
#4443=CARTESIAN_POINT('',(0.E0,0.E0,1.3E-1));
#4444=DIRECTION('',(0.E0,-1.E0,0.E0));
#4445=DIRECTION('',(1.E0,0.E0,0.E0));
#4446=AXIS2_PLACEMENT_3D('',#4443,#4444,#4445);
#4447=ITEM_DEFINED_TRANSFORMATION('','',#4432,#4446);
#4448=(REPRESENTATION_RELATIONSHIP('','',#4433,#2486)REPRESENTATION_RELATIONSHIP_WITH_TRANSFORMATION(#4447)SHAPE_REPRESENTATION_RELATIONSHIP());
#4449=CONTEXT_DEPENDENT_SHAPE_REPRESENTATION(#4448,#4442);
#4451=DIMENSIONAL_EXPONENTS(0.E0,0.E0,0.E0,0.E0,0.E0,0.E0,0.E0);
#4453=PLANE_ANGLE_MEASURE_WITH_UNIT(PLANE_ANGLE_MEASURE(1.745329251994E-2),
#4452);
#4454=(CONVERSION_BASED_UNIT('DEGREE',#4453)NAMED_UNIT(*)PLANE_ANGLE_UNIT());
#4456=UNCERTAINTY_MEASURE_WITH_UNIT(LENGTH_MEASURE(1.621455150883E-3),#4450,
'closure',
'Maximum model space distance between geometric entities at asserted connectivities');
#4457=(GEOMETRIC_REPRESENTATION_CONTEXT(3)GLOBAL_UNCERTAINTY_ASSIGNED_CONTEXT((
#4456))GLOBAL_UNIT_ASSIGNED_CONTEXT((#4450,#4454,#4455))REPRESENTATION_CONTEXT(
'ID4','3'));
#4458=CARTESIAN_POINT('',(0.E0,0.E0,0.E0));
#4459=DIRECTION('',(0.E0,0.E0,1.E0));
#4460=DIRECTION('',(1.E0,0.E0,0.E0));
#4462=MECHANICAL_DESIGN_GEOMETRIC_PRESENTATION_REPRESENTATION('',(#36,#43,#50,
#57,#64,#71,#78,#85,#92,#99,#106,#113,#120,#127,#134,#141,#148,#155,#162,#169,
#176,#183,#190,#197,#204,#211,#219,#227,#234,#241,#249,#257,#264,#271,#278,#285,
#292,#300,#308,#316,#324,#332,#340,#348,#356,#368,#380,#387,#394,#401,#413,#425,
#432,#439,#446,#458,#470,#477,#484,#491,#499,#506,#513,#520,#528,#535,#542,#549,
#557,#564,#572,#579,#587,#595,#603,#611,#618,#626,#633,#640,#647,#654,#661,#669,
#676,#684,#691,#699,#707,#715,#727,#739,#746,#753,#760,#768,#776,#783,#790,#797,
#804,#811,#818,#826,#834,#842,#850,#858,#866,#874,#882,#889,#896,#903,#911,#919,
#927,#935,#943,#951,#959,#967,#974,#981,#988,#995,#1002,#1009,#1016,#1023,#1030,
#1037,#1044,#1051,#1058,#1065,#1072,#1079,#1086,#1093,#1100,#1107,#1114,#1121,
#1128,#1135,#1142,#1149,#1156,#1163,#1170,#1177,#1184,#1191,#1198,#1205,#1212,
#1219,#1226,#1233,#1240,#1247,#28,#2504,#2511,#2518,#2525,#2532,#2540,#2547,
#2554,#2561,#2568,#2575,#2582,#2589,#2596,#2604,#2612,#2619,#2626,#2633,#2640,
#2647,#2654,#2662,#2670,#2677,#2684,#2692,#2699,#2706,#2713,#2720,#2728,#2735,
#2742,#2749,#2756,#2496,#3563,#3570,#3577,#3584,#3591,#3598,#3605,#3612,#3619,
#3626,#3633,#3640,#3647,#3654,#3661,#3668,#3675,#3682,#3689,#3696,#3703,#3710,
#3717,#3724,#3731,#3738,#3745,#3752,#3759,#3766,#3773,#3780,#3787,#3794,#3801,
#3808,#3815,#3822,#3829,#3836,#3843,#3850,#3857,#3864,#3871,#3878,#3885,#3892,
#3899,#3906,#3913,#3920,#3927,#3934,#3941,#3948,#3955,#3962,#3969,#3976,#3556),
#4457);
#4463=MECHANICAL_CONTEXT('',#2475,'mechanical');
#4464=PRODUCT('DCA0056A_ASM','DCA0056A_ASM','NOT SPECIFIED',(#4463));
#4465=PRODUCT_DEFINITION_FORMATION_WITH_SPECIFIED_SOURCE('106','LAST_VERSION',
#4464,.MADE.);
#4467=PRODUCT_CATEGORY('part','');
#4468=PRODUCT_RELATED_PRODUCT_CATEGORY('assembly','',(#4464));
#4469=PRODUCT_CATEGORY_RELATIONSHIP('','',#4467,#4468);
#4470=PRODUCT_CATEGORY('part','');
#4471=PRODUCT_RELATED_PRODUCT_CATEGORY('detail','',(#2479,#3047,#4436));
#4472=PRODUCT_CATEGORY_RELATIONSHIP('','',#4470,#4471);
#4473=SECURITY_CLASSIFICATION_LEVEL('unclassified');
#4474=SECURITY_CLASSIFICATION('','',#4473);
#4475=CC_DESIGN_SECURITY_CLASSIFICATION(#4474,(#2480,#3048,#4437,#4465,#2487,
#3052,#3061,#3070,#3079,#3088,#3097,#3106,#3115,#3124,#3133,#3142,#3151,#3160,
#3169,#3178,#3187,#3196,#3205,#3214,#3223,#3232,#3241,#3250,#3259,#3268,#3277,
#3286,#3295,#3304,#3313,#3322,#3331,#3340,#3349,#3358,#3367,#3376,#3385,#3394,
#3403,#3412,#3421,#3430,#3439,#3448,#3457,#3466,#3475,#3484,#3493,#3502,#3511,
#3520,#3529,#3538,#3547,#4441));
#4476=APPROVAL_STATUS('approved');
#4477=APPROVAL(#4476,'');
#4478=CC_DESIGN_APPROVAL(#4477,(#4474,#2480,#3048,#4437,#4465,#2481,#3049,#4438,
#4466));
#4479=CALENDAR_DATE(122,7,4);
#4480=COORDINATED_UNIVERSAL_TIME_OFFSET(7,0,.BEHIND.);
#4481=LOCAL_TIME(9,45,1.2E1,#4480);
#4482=DATE_AND_TIME(#4479,#4481);
#4483=APPROVAL_DATE_TIME(#4482,#4477);
#4484=DATE_TIME_ROLE('creation_date');
#4485=CC_DESIGN_DATE_AND_TIME_ASSIGNMENT(#4482,#4484,(#2481,#3049,#4438,#4466));
#4486=DATE_TIME_ROLE('classification_date');
#4487=CC_DESIGN_DATE_AND_TIME_ASSIGNMENT(#4482,#4486,(#4474));
#4488=PERSON('UNSPECIFIED','UNSPECIFIED',$,$,$,$);
#4489=ORGANIZATION('UNSPECIFIED','UNSPECIFIED','UNSPECIFIED');
#4490=PERSON_AND_ORGANIZATION(#4488,#4489);
#4491=APPROVAL_ROLE('approver');
#4492=APPROVAL_PERSON_ORGANIZATION(#4490,#4477,#4491);
#4493=PERSON_AND_ORGANIZATION_ROLE('creator');
#4494=CC_DESIGN_PERSON_AND_ORGANIZATION_ASSIGNMENT(#4490,#4493,(#2480,#3048,
#4437,#4465,#2481,#3049,#4438,#4466));
#4495=PERSON_AND_ORGANIZATION_ROLE('design_supplier');
#4496=CC_DESIGN_PERSON_AND_ORGANIZATION_ASSIGNMENT(#4490,#4495,(#2480,#3048,
#4437,#4465));
#4497=PERSON_AND_ORGANIZATION_ROLE('classification_officer');
#4498=CC_DESIGN_PERSON_AND_ORGANIZATION_ASSIGNMENT(#4490,#4497,(#4474));
#4499=PERSON_AND_ORGANIZATION_ROLE('design_owner');
#4500=CC_DESIGN_PERSON_AND_ORGANIZATION_ASSIGNMENT(#4490,#4499,(#4464,#2479,
#3047,#4436));
#1=COLOUR_RGB('',0.E0,4.3E-1,1.E0);
#2=COLOUR_RGB('',0.E0,6.6E-1,0.E0);
#3=COLOUR_RGB('',9.8039E-2,9.8039E-2,9.8039E-2);
#4=COLOUR_RGB('',1.80392E-1,2.7451E-1,9.8039E-2);
#5=COLOUR_RGB('',3.E-1,1.29412E-1,2.5098E-1);
#6=COLOUR_RGB('',3.13725E-1,3.13725E-1,3.13725E-1);
#7=COLOUR_RGB('',3.2E-1,4.9E-1,1.76471E-1);
#8=COLOUR_RGB('',3.5E-1,3.5E-1,3.5E-1);
#9=COLOUR_RGB('',3.92157E-1,3.92157E-1,3.92157E-1);
#10=COLOUR_RGB('',5.7E-1,0.E0,1.E0);
#11=COLOUR_RGB('',5.9E-1,3.E-1,0.E0);
#12=COLOUR_RGB('',6.E-1,6.E-1,6.E-1);
#13=COLOUR_RGB('',6.2E-1,3.3E-1,2.3E-1);
#14=COLOUR_RGB('',6.35294E-1,6.86275E-1,7.4902E-1);
#15=COLOUR_RGB('',6.66667E-1,6.66667E-1,6.66667E-1);
#16=COLOUR_RGB('',6.9E-1,0.E0,0.E0);
#17=COLOUR_RGB('',7.E-1,7.E-1,7.E-1);
#18=COLOUR_RGB('',8.23529E-1,7.05882E-1,4.31373E-1);
#19=COLOUR_RGB('',8.39216E-1,8.90196E-1,7.68627E-1);
#20=COLOUR_RGB('',8.62745E-1,4.98039E-1,3.92157E-1);
#21=COLOUR_RGB('',8.7E-1,7.5E-1,4.9E-1);
#22=COLOUR_RGB('',8.82353E-1,8.82353E-1,8.82353E-1);
#23=COLOUR_RGB('',9.80392E-1,9.80392E-1,9.80392E-1);
#24=COLOUR_RGB('',9.9E-1,1.E0,0.E0);
#25=COLOUR_RGB('',1.E0,5.E-1,0.E0);
#26=COLOUR_RGB('',1.E0,6.19608E-1,5.17647E-1);
#27=DRAUGHTING_PRE_DEFINED_COLOUR('white');
#216=B_SPLINE_CURVE_WITH_KNOTS('',3,(#212,#213,#214,#215),.UNSPECIFIED.,.F.,.F.,
(4,4),(0.E0,1.E0),.UNSPECIFIED.);
#224=B_SPLINE_CURVE_WITH_KNOTS('',3,(#220,#221,#222,#223),.UNSPECIFIED.,.F.,.F.,
(4,4),(0.E0,1.E0),.UNSPECIFIED.);
#246=B_SPLINE_CURVE_WITH_KNOTS('',3,(#242,#243,#244,#245),.UNSPECIFIED.,.F.,.F.,
(4,4),(0.E0,1.E0),.UNSPECIFIED.);
#254=B_SPLINE_CURVE_WITH_KNOTS('',3,(#250,#251,#252,#253),.UNSPECIFIED.,.F.,.F.,
(4,4),(0.E0,1.E0),.UNSPECIFIED.);
#297=B_SPLINE_CURVE_WITH_KNOTS('',3,(#293,#294,#295,#296),.UNSPECIFIED.,.F.,.F.,
(4,4),(0.E0,1.E0),.UNSPECIFIED.);
#305=B_SPLINE_CURVE_WITH_KNOTS('',3,(#301,#302,#303,#304),.UNSPECIFIED.,.F.,.F.,
(4,4),(0.E0,1.E0),.UNSPECIFIED.);
#313=CIRCLE('',#312,1.E-1);
#321=CIRCLE('',#320,1.E-1);
#329=CIRCLE('',#328,1.E-1);
#337=CIRCLE('',#336,1.E-1);
#345=CIRCLE('',#344,1.E-1);
#353=CIRCLE('',#352,1.E-1);
#365=B_SPLINE_CURVE_WITH_KNOTS('',3,(#357,#358,#359,#360,#361,#362,#363,#364),
.UNSPECIFIED.,.F.,.F.,(4,1,1,1,1,4),(0.E0,2.E-1,4.E-1,6.E-1,8.E-1,1.E0),
.UNSPECIFIED.);
#377=B_SPLINE_CURVE_WITH_KNOTS('',3,(#369,#370,#371,#372,#373,#374,#375,#376),
.UNSPECIFIED.,.F.,.F.,(4,1,1,1,1,4),(0.E0,2.E-1,4.E-1,6.E-1,8.E-1,1.E0),
.UNSPECIFIED.);
#410=B_SPLINE_CURVE_WITH_KNOTS('',3,(#402,#403,#404,#405,#406,#407,#408,#409),
.UNSPECIFIED.,.F.,.F.,(4,1,1,1,1,4),(0.E0,2.E-1,4.E-1,6.E-1,8.E-1,1.E0),
.UNSPECIFIED.);
#422=B_SPLINE_CURVE_WITH_KNOTS('',3,(#414,#415,#416,#417,#418,#419,#420,#421),
.UNSPECIFIED.,.F.,.F.,(4,1,1,1,1,4),(0.E0,2.E-1,4.E-1,6.E-1,8.E-1,1.E0),
.UNSPECIFIED.);
#455=B_SPLINE_CURVE_WITH_KNOTS('',3,(#447,#448,#449,#450,#451,#452,#453,#454),
.UNSPECIFIED.,.F.,.F.,(4,1,1,1,1,4),(0.E0,2.E-1,4.E-1,6.E-1,8.E-1,1.E0),
.UNSPECIFIED.);
#467=B_SPLINE_CURVE_WITH_KNOTS('',3,(#459,#460,#461,#462,#463,#464,#465,#466),
.UNSPECIFIED.,.F.,.F.,(4,1,1,1,1,4),(0.E0,2.E-1,4.E-1,6.E-1,8.E-1,1.E0),
.UNSPECIFIED.);
#496=B_SPLINE_CURVE_WITH_KNOTS('',3,(#492,#493,#494,#495),.UNSPECIFIED.,.F.,.F.,
(4,4),(0.E0,1.E0),.UNSPECIFIED.);
#525=B_SPLINE_CURVE_WITH_KNOTS('',3,(#521,#522,#523,#524),.UNSPECIFIED.,.F.,.F.,
(4,4),(0.E0,1.E0),.UNSPECIFIED.);
#554=B_SPLINE_CURVE_WITH_KNOTS('',3,(#550,#551,#552,#553),.UNSPECIFIED.,.F.,.F.,
(4,4),(0.E0,1.E0),.UNSPECIFIED.);
#569=B_SPLINE_CURVE_WITH_KNOTS('',3,(#565,#566,#567,#568),.UNSPECIFIED.,.F.,.F.,
(4,4),(0.E0,1.E0),.UNSPECIFIED.);
#584=CIRCLE('',#583,1.E-1);
#592=CIRCLE('',#591,1.E-1);
#600=CIRCLE('',#599,1.E-1);
#608=B_SPLINE_CURVE_WITH_KNOTS('',3,(#604,#605,#606,#607),.UNSPECIFIED.,.F.,.F.,
(4,4),(0.E0,1.E0),.UNSPECIFIED.);
#623=B_SPLINE_CURVE_WITH_KNOTS('',3,(#619,#620,#621,#622),.UNSPECIFIED.,.F.,.F.,
(4,4),(0.E0,1.E0),.UNSPECIFIED.);
#666=B_SPLINE_CURVE_WITH_KNOTS('',3,(#662,#663,#664,#665),.UNSPECIFIED.,.F.,.F.,
(4,4),(0.E0,1.E0),.UNSPECIFIED.);
#681=B_SPLINE_CURVE_WITH_KNOTS('',3,(#677,#678,#679,#680),.UNSPECIFIED.,.F.,.F.,
(4,4),(0.E0,1.E0),.UNSPECIFIED.);
#696=CIRCLE('',#695,1.E-1);
#704=CIRCLE('',#703,1.E-1);
#712=CIRCLE('',#711,1.E-1);
#724=B_SPLINE_CURVE_WITH_KNOTS('',3,(#716,#717,#718,#719,#720,#721,#722,#723),
.UNSPECIFIED.,.F.,.F.,(4,1,1,1,1,4),(0.E0,2.E-1,4.E-1,6.E-1,8.E-1,1.E0),
.UNSPECIFIED.);
#736=B_SPLINE_CURVE_WITH_KNOTS('',3,(#728,#729,#730,#731,#732,#733,#734,#735),
.UNSPECIFIED.,.F.,.F.,(4,1,1,1,1,4),(0.E0,2.E-1,4.E-1,6.E-1,8.E-1,1.E0),
.UNSPECIFIED.);
#765=CIRCLE('',#764,4.E-1);
#773=CIRCLE('',#772,4.E-1);
#823=CIRCLE('',#822,4.E-1);
#831=CIRCLE('',#830,4.E-1);
#839=CIRCLE('',#838,1.E-1);
#847=CIRCLE('',#846,1.E-1);
#855=CIRCLE('',#854,1.E-1);
#863=CIRCLE('',#862,1.E-1);
#871=CIRCLE('',#870,1.E-1);
#879=CIRCLE('',#878,1.E-1);
#908=B_SPLINE_CURVE_WITH_KNOTS('',3,(#904,#905,#906,#907),.UNSPECIFIED.,.F.,.F.,
(4,4),(0.E0,1.E0),.UNSPECIFIED.);
#916=B_SPLINE_CURVE_WITH_KNOTS('',3,(#912,#913,#914,#915),.UNSPECIFIED.,.F.,.F.,
(4,4),(0.E0,1.E0),.UNSPECIFIED.);
#924=CIRCLE('',#923,1.E-1);
#932=CIRCLE('',#931,1.E-1);
#940=CIRCLE('',#939,1.E-1);
#948=CIRCLE('',#947,1.E-1);
#956=CIRCLE('',#955,1.E-1);
#964=CIRCLE('',#963,1.E-1);
#1441=EDGE_CURVE('',#1262,#1263,#32,.T.);
#1443=EDGE_CURVE('',#1319,#1262,#40,.T.);
#1445=EDGE_CURVE('',#1317,#1319,#47,.T.);
#1447=EDGE_CURVE('',#1263,#1317,#54,.T.);
#1451=EDGE_CURVE('',#1382,#1383,#61,.T.);
#1453=EDGE_CURVE('',#1395,#1382,#68,.T.);
#1455=EDGE_CURVE('',#1401,#1395,#75,.T.);
#1457=EDGE_CURVE('',#1425,#1401,#82,.T.);
#1459=EDGE_CURVE('',#1431,#1425,#89,.T.);
#1461=EDGE_CURVE('',#1429,#1431,#96,.T.);
#1463=EDGE_CURVE('',#1399,#1429,#103,.T.);
#1465=EDGE_CURVE('',#1397,#1399,#110,.T.);
#1467=EDGE_CURVE('',#1393,#1397,#117,.T.);
#1469=EDGE_CURVE('',#1391,#1393,#124,.T.);
#1471=EDGE_CURVE('',#1389,#1391,#131,.T.);
#1473=EDGE_CURVE('',#1388,#1389,#138,.T.);
#1475=EDGE_CURVE('',#1407,#1388,#145,.T.);
#1477=EDGE_CURVE('',#1427,#1407,#152,.T.);
#1479=EDGE_CURVE('',#1427,#1433,#159,.T.);
#1481=EDGE_CURVE('',#1433,#1435,#166,.T.);
#1483=EDGE_CURVE('',#1435,#1405,#173,.T.);
#1485=EDGE_CURVE('',#1403,#1405,#180,.T.);
#1487=EDGE_CURVE('',#1385,#1403,#187,.T.);
#1489=EDGE_CURVE('',#1383,#1385,#194,.T.);
#1499=EDGE_CURVE('',#1258,#1259,#201,.T.);
#1501=EDGE_CURVE('',#1258,#1262,#345,.T.);
#1504=EDGE_CURVE('',#1263,#1259,#964,.T.);
#1515=EDGE_CURVE('',#1309,#1259,#208,.T.);
#1517=EDGE_CURVE('',#1308,#1309,#216,.T.);
#1519=EDGE_CURVE('',#1308,#1351,#757,.T.);
#1521=EDGE_CURVE('',#1350,#1351,#224,.T.);
#1523=EDGE_CURVE('',#1350,#1258,#231,.T.);
#1533=EDGE_CURVE('',#1310,#1315,#261,.T.);
#1535=EDGE_CURVE('',#1309,#1310,#724,.T.);
#1538=EDGE_CURVE('',#1259,#1315,#956,.T.);
#1548=EDGE_CURVE('',#1286,#1287,#238,.T.);
#1550=EDGE_CURVE('',#1291,#1286,#246,.T.);
#1552=EDGE_CURVE('',#1291,#1311,#488,.T.);
#1554=EDGE_CURVE('',#1310,#1311,#254,.T.);
#1557=EDGE_CURVE('',#1315,#1287,#268,.T.);
#1567=EDGE_CURVE('',#1282,#1283,#275,.T.);
#1569=EDGE_CURVE('',#1286,#1282,#455,.T.);
#1572=EDGE_CURVE('',#1287,#1283,#932,.T.);
#1583=EDGE_CURVE('',#1283,#1321,#282,.T.);
#1585=EDGE_CURVE('',#1327,#1321,#289,.T.);
#1587=EDGE_CURVE('',#1331,#1327,#297,.T.);
#1589=EDGE_CURVE('',#1331,#1292,#436,.T.);
#1591=EDGE_CURVE('',#1282,#1292,#305,.T.);
#1602=EDGE_CURVE('',#1319,#1321,#329,.T.);
#1605=EDGE_CURVE('',#1283,#1317,#924,.T.);
#1615=EDGE_CURVE('',#1325,#1319,#313,.T.);
#1617=EDGE_CURVE('',#1321,#1325,#321,.T.);
#1629=EDGE_CURVE('',#1262,#1355,#337,.T.);
#1631=EDGE_CURVE('',#1325,#1355,#893,.T.);
#1644=EDGE_CURVE('',#1355,#1258,#353,.T.);
#1655=EDGE_CURVE('',#1349,#1350,#365,.T.);
#1657=EDGE_CURVE('',#1349,#1355,#900,.T.);
#1668=EDGE_CURVE('',#1347,#1348,#398,.T.);
#1670=EDGE_CURVE('',#1348,#1349,#908,.T.);
#1674=EDGE_CURVE('',#1353,#1351,#750,.T.);
#1676=EDGE_CURVE('',#1353,#1344,#666,.T.);
#1678=EDGE_CURVE('',#1344,#1342,#377,.T.);
#1680=EDGE_CURVE('',#1342,#1347,#623,.T.);
#1690=EDGE_CURVE('',#1334,#1332,#384,.T.);
#1692=EDGE_CURVE('',#1348,#1332,#391,.T.);
#1695=EDGE_CURVE('',#1347,#1334,#615,.T.);
#1705=EDGE_CURVE('',#1330,#1331,#443,.T.);
#1708=EDGE_CURVE('',#1327,#1324,#410,.T.);
#1710=EDGE_CURVE('',#1324,#1332,#916,.T.);
#1713=EDGE_CURVE('',#1334,#1335,#608,.T.);
#1715=EDGE_CURVE('',#1335,#1336,#422,.T.);
#1717=EDGE_CURVE('',#1336,#1330,#569,.T.);
#1727=EDGE_CURVE('',#1294,#1292,#429,.T.);
#1731=EDGE_CURVE('',#1330,#1294,#561,.T.);
#1741=EDGE_CURVE('',#1290,#1291,#474,.T.);
#1747=EDGE_CURVE('',#1294,#1295,#554,.T.);
#1749=EDGE_CURVE('',#1295,#1296,#467,.T.);
#1751=EDGE_CURVE('',#1296,#1290,#496,.T.);
#1762=EDGE_CURVE('',#1290,#1313,#532,.T.);
#1764=EDGE_CURVE('',#1313,#1311,#481,.T.);
#1776=EDGE_CURVE('',#1298,#1296,#503,.T.);
#1778=EDGE_CURVE('',#1298,#1300,#510,.T.);
#1780=EDGE_CURVE('',#1300,#1304,#517,.T.);
#1782=EDGE_CURVE('',#1313,#1304,#525,.T.);
#1795=EDGE_CURVE('',#1275,#1295,#546,.T.);
#1797=EDGE_CURVE('',#1275,#1298,#847,.T.);
#1807=EDGE_CURVE('',#1274,#1275,#539,.T.);
#1813=EDGE_CURVE('',#1274,#1336,#576,.T.);
#1824=EDGE_CURVE('',#1274,#1278,#592,.T.);
#1826=EDGE_CURVE('',#1278,#1279,#794,.T.);
#1828=EDGE_CURVE('',#1279,#1275,#855,.T.);
#1838=EDGE_CURVE('',#1278,#1338,#584,.T.);
#1841=EDGE_CURVE('',#1338,#1274,#600,.T.);
#1851=EDGE_CURVE('',#1340,#1338,#637,.T.);
#1853=EDGE_CURVE('',#1340,#1271,#879,.T.);
#1855=EDGE_CURVE('',#1271,#1278,#801,.T.);
#1869=EDGE_CURVE('',#1340,#1342,#630,.T.);
#1872=EDGE_CURVE('',#1338,#1335,#644,.T.);
#1884=EDGE_CURVE('',#1267,#1344,#658,.T.);
#1886=EDGE_CURVE('',#1267,#1340,#863,.T.);
#1896=EDGE_CURVE('',#1266,#1267,#651,.T.);
#1900=EDGE_CURVE('',#1307,#1353,#673,.T.);
#1902=EDGE_CURVE('',#1302,#1307,#681,.T.);
#1904=EDGE_CURVE('',#1266,#1302,#688,.T.);
#1915=EDGE_CURVE('',#1266,#1270,#712,.T.);
#1917=EDGE_CURVE('',#1270,#1271,#780,.T.);
#1919=EDGE_CURVE('',#1271,#1267,#871,.T.);
#1929=EDGE_CURVE('',#1300,#1266,#696,.T.);
#1931=EDGE_CURVE('',#1270,#1300,#704,.T.);
#1943=EDGE_CURVE('',#1304,#1302,#736,.T.);
#1955=EDGE_CURVE('',#1307,#1308,#743,.T.);
#1984=EDGE_CURVE('',#1279,#1270,#787,.T.);
#1988=EDGE_CURVE('',#1298,#1279,#839,.T.);
#2004=EDGE_CURVE('',#1254,#1255,#765,.T.);
#2006=EDGE_CURVE('',#1255,#1254,#773,.T.);
#2017=EDGE_CURVE('',#1255,#1251,#815,.T.);
#2019=EDGE_CURVE('',#1250,#1251,#823,.T.);
#2021=EDGE_CURVE('',#1254,#1250,#808,.T.);
#2033=EDGE_CURVE('',#1251,#1250,#831,.T.);
#2088=EDGE_CURVE('',#1324,#1325,#886,.T.);
#2117=EDGE_CURVE('',#1317,#1287,#940,.T.);
#2128=EDGE_CURVE('',#1315,#1263,#948,.T.);
#2152=EDGE_CURVE('',#1383,#1359,#985,.T.);
#2154=EDGE_CURVE('',#1358,#1359,#1125,.T.);
#2156=EDGE_CURVE('',#1382,#1358,#971,.T.);
#2167=EDGE_CURVE('',#1385,#1365,#978,.T.);
#2169=EDGE_CURVE('',#1359,#1365,#1132,.T.);
#2181=EDGE_CURVE('',#1389,#1362,#1181,.T.);
#2183=EDGE_CURVE('',#1367,#1362,#1048,.T.);
#2185=EDGE_CURVE('',#1388,#1367,#992,.T.);
#2196=EDGE_CURVE('',#1403,#1377,#1006,.T.);
#2198=EDGE_CURVE('',#1365,#1377,#1139,.T.);
#2210=EDGE_CURVE('',#1405,#1423,#999,.T.);
#2212=EDGE_CURVE('',#1377,#1423,#1146,.T.);
#2223=EDGE_CURVE('',#1407,#1379,#1174,.T.);
#2225=EDGE_CURVE('',#1421,#1379,#1034,.T.);
#2227=EDGE_CURVE('',#1427,#1421,#1013,.T.);
#2239=EDGE_CURVE('',#1435,#1419,#1020,.T.);
#2241=EDGE_CURVE('',#1419,#1423,#1153,.T.);
#2253=EDGE_CURVE('',#1433,#1418,#1027,.T.);
#2255=EDGE_CURVE('',#1418,#1419,#1160,.T.);
#2268=EDGE_CURVE('',#1421,#1418,#1167,.T.);
#2280=EDGE_CURVE('',#1379,#1367,#1041,.T.);
#2283=EDGE_CURVE('',#1362,#1363,#1055,.T.);
#2285=EDGE_CURVE('',#1363,#1369,#1062,.T.);
#2287=EDGE_CURVE('',#1369,#1373,#1069,.T.);
#2289=EDGE_CURVE('',#1373,#1413,#1076,.T.);
#2291=EDGE_CURVE('',#1413,#1410,#1083,.T.);
#2293=EDGE_CURVE('',#1410,#1411,#1090,.T.);
#2295=EDGE_CURVE('',#1411,#1415,#1097,.T.);
#2297=EDGE_CURVE('',#1415,#1375,#1104,.T.);
#2299=EDGE_CURVE('',#1375,#1371,#1111,.T.);
#2301=EDGE_CURVE('',#1371,#1358,#1118,.T.);
#2331=EDGE_CURVE('',#1391,#1363,#1195,.T.);
#2344=EDGE_CURVE('',#1393,#1369,#1188,.T.);
#2359=EDGE_CURVE('',#1395,#1371,#1202,.T.);
#2370=EDGE_CURVE('',#1397,#1373,#1216,.T.);
#2383=EDGE_CURVE('',#1399,#1413,#1209,.T.);
#2395=EDGE_CURVE('',#1401,#1375,#1244,.T.);
#2398=EDGE_CURVE('',#1425,#1415,#1223,.T.);
#2410=EDGE_CURVE('',#1429,#1410,#1230,.T.);
#2423=EDGE_CURVE('',#1431,#1411,#1237,.T.);
#2462=(LENGTH_UNIT()NAMED_UNIT(*)SI_UNIT(.MILLI.,.METRE.));
#2464=(NAMED_UNIT(*)PLANE_ANGLE_UNIT()SI_UNIT($,.RADIAN.));
#2467=(NAMED_UNIT(*)SI_UNIT($,.STERADIAN.)SOLID_ANGLE_UNIT());
#2473=AXIS2_PLACEMENT_3D('',#2470,#2471,#2472);
#2474=ADVANCED_BREP_SHAPE_REPRESENTATION('',(#2473,#2455),#2469);
#2481=PRODUCT_DEFINITION('design','',#2480,#2477);
#2482=PRODUCT_DEFINITION_SHAPE('','SHAPE FOR BODY-TSSOP.',#2481);
#2483=SHAPE_DEFINITION_REPRESENTATION(#2482,#2474);
#2484=SHAPE_DEFINITION_REPRESENTATION(#2485,#2486);
#2485=PRODUCT_DEFINITION_SHAPE('','SHAPE FOR DCA0056A_ASM.',#4466);
#2486=SHAPE_REPRESENTATION('',(#2492,#3057,#3066,#3075,#3084,#3093,#3102,#3111,
#3120,#3129,#3138,#3147,#3156,#3165,#3174,#3183,#3192,#3201,#3210,#3219,#3228,
#3237,#3246,#3255,#3264,#3273,#3282,#3291,#3300,#3309,#3318,#3327,#3336,#3345,
#3354,#3363,#3372,#3381,#3390,#3399,#3408,#3417,#3426,#3435,#3444,#3453,#3462,
#3471,#3480,#3489,#3498,#3507,#3516,#3525,#3534,#3543,#3552,#4446,#4461),#4457);
#2487=NEXT_ASSEMBLY_USAGE_OCCURRENCE('0','Next assembly relationship',
'BODY-TSSOP',#4466,#2481,$);
#2488=PRODUCT_DEFINITION_SHAPE('Placement #0',
'Placement of BODY-TSSOP with respect to DCA0056A_ASM',#2487);
#2501=CIRCLE('',#2500,3.E-1);
#2537=CIRCLE('',#2536,3.E-1);
#2601=CIRCLE('',#2600,1.5E-1);
#2609=CIRCLE('',#2608,1.5E-1);
#2659=CIRCLE('',#2658,1.5E-1);
#2667=CIRCLE('',#2666,1.5E-1);
#2689=CIRCLE('',#2688,3.E-1);
#2725=CIRCLE('',#2724,3.E-1);
#2810=EDGE_CURVE('',#2791,#2792,#2501,.T.);
#2812=EDGE_CURVE('',#2791,#2779,#2508,.T.);
#2814=EDGE_CURVE('',#2775,#2779,#2659,.T.);
#2816=EDGE_CURVE('',#2775,#2759,#2515,.T.);
#2818=EDGE_CURVE('',#2759,#2760,#2522,.T.);
#2820=EDGE_CURVE('',#2760,#2800,#2529,.T.);
#2822=EDGE_CURVE('',#2799,#2800,#2537,.T.);
#2824=EDGE_CURVE('',#2799,#2787,#2544,.T.);
#2826=EDGE_CURVE('',#2783,#2787,#2601,.T.);
#2828=EDGE_CURVE('',#2783,#2767,#2551,.T.);
#2830=EDGE_CURVE('',#2767,#2768,#2558,.T.);
#2832=EDGE_CURVE('',#2768,#2792,#2565,.T.);
#2843=EDGE_CURVE('',#2794,#2792,#2572,.T.);
#2845=EDGE_CURVE('',#2794,#2796,#2689,.T.);
#2847=EDGE_CURVE('',#2796,#2791,#2674,.T.);
#2859=EDGE_CURVE('',#2768,#2772,#2579,.T.);
#2861=EDGE_CURVE('',#2772,#2794,#2696,.T.);
#2872=EDGE_CURVE('',#2767,#2771,#2586,.T.);
#2874=EDGE_CURVE('',#2771,#2772,#2703,.T.);
#2885=EDGE_CURVE('',#2783,#2784,#2593,.T.);
#2887=EDGE_CURVE('',#2784,#2771,#2710,.T.);
#2901=EDGE_CURVE('',#2787,#2788,#2623,.T.);
#2903=EDGE_CURVE('',#2788,#2784,#2609,.T.);
#2913=EDGE_CURVE('',#2804,#2799,#2616,.T.);
#2915=EDGE_CURVE('',#2788,#2804,#2717,.T.);
#2928=EDGE_CURVE('',#2802,#2800,#2630,.T.);
#2930=EDGE_CURVE('',#2802,#2804,#2725,.T.);
#2943=EDGE_CURVE('',#2760,#2764,#2637,.T.);
#2945=EDGE_CURVE('',#2764,#2802,#2732,.T.);
#2956=EDGE_CURVE('',#2759,#2763,#2644,.T.);
#2958=EDGE_CURVE('',#2763,#2764,#2739,.T.);
#2969=EDGE_CURVE('',#2775,#2776,#2651,.T.);
#2971=EDGE_CURVE('',#2776,#2763,#2746,.T.);
#2985=EDGE_CURVE('',#2779,#2780,#2681,.T.);
#2987=EDGE_CURVE('',#2780,#2776,#2667,.T.);
#2998=EDGE_CURVE('',#2780,#2796,#2753,.T.);
#3033=(LENGTH_UNIT()NAMED_UNIT(*)SI_UNIT(.MILLI.,.METRE.));
#3035=(NAMED_UNIT(*)PLANE_ANGLE_UNIT()SI_UNIT($,.RADIAN.));
#3038=(NAMED_UNIT(*)SI_UNIT($,.STERADIAN.)SOLID_ANGLE_UNIT());
#3044=AXIS2_PLACEMENT_3D('',#3041,#3042,#3043);
#3045=ADVANCED_BREP_SHAPE_REPRESENTATION('',(#3044,#3026),#3040);
#3049=PRODUCT_DEFINITION('design','',#3048,#2477);
#3050=PRODUCT_DEFINITION_SHAPE('','SHAPE FOR LEAD-TSSOP.',#3049);
#3051=SHAPE_DEFINITION_REPRESENTATION(#3050,#3045);
#3052=NEXT_ASSEMBLY_USAGE_OCCURRENCE('1','Next assembly relationship',
'LEAD-TSSOP',#4466,#3049,$);
#3053=PRODUCT_DEFINITION_SHAPE('Placement #1',
'Placement of LEAD-TSSOP with respect to DCA0056A_ASM',#3052);
#3061=NEXT_ASSEMBLY_USAGE_OCCURRENCE('2','Next assembly relationship',
'LEAD-TSSOP',#4466,#3049,$);
#3062=PRODUCT_DEFINITION_SHAPE('Placement #2',
'Placement of LEAD-TSSOP with respect to DCA0056A_ASM',#3061);
#3070=NEXT_ASSEMBLY_USAGE_OCCURRENCE('3','Next assembly relationship',
'LEAD-TSSOP',#4466,#3049,$);
#3071=PRODUCT_DEFINITION_SHAPE('Placement #3',
'Placement of LEAD-TSSOP with respect to DCA0056A_ASM',#3070);
#3079=NEXT_ASSEMBLY_USAGE_OCCURRENCE('4','Next assembly relationship',
'LEAD-TSSOP',#4466,#3049,$);
#3080=PRODUCT_DEFINITION_SHAPE('Placement #4',
'Placement of LEAD-TSSOP with respect to DCA0056A_ASM',#3079);
#3088=NEXT_ASSEMBLY_USAGE_OCCURRENCE('5','Next assembly relationship',
'LEAD-TSSOP',#4466,#3049,$);
#3089=PRODUCT_DEFINITION_SHAPE('Placement #5',
'Placement of LEAD-TSSOP with respect to DCA0056A_ASM',#3088);
#3097=NEXT_ASSEMBLY_USAGE_OCCURRENCE('6','Next assembly relationship',
'LEAD-TSSOP',#4466,#3049,$);
#3098=PRODUCT_DEFINITION_SHAPE('Placement #6',
'Placement of LEAD-TSSOP with respect to DCA0056A_ASM',#3097);
#3106=NEXT_ASSEMBLY_USAGE_OCCURRENCE('7','Next assembly relationship',
'LEAD-TSSOP',#4466,#3049,$);
#3107=PRODUCT_DEFINITION_SHAPE('Placement #7',
'Placement of LEAD-TSSOP with respect to DCA0056A_ASM',#3106);
#3115=NEXT_ASSEMBLY_USAGE_OCCURRENCE('8','Next assembly relationship',
'LEAD-TSSOP',#4466,#3049,$);
#3116=PRODUCT_DEFINITION_SHAPE('Placement #8',
'Placement of LEAD-TSSOP with respect to DCA0056A_ASM',#3115);
#3124=NEXT_ASSEMBLY_USAGE_OCCURRENCE('9','Next assembly relationship',
'LEAD-TSSOP',#4466,#3049,$);
#3125=PRODUCT_DEFINITION_SHAPE('Placement #9',
'Placement of LEAD-TSSOP with respect to DCA0056A_ASM',#3124);
#3133=NEXT_ASSEMBLY_USAGE_OCCURRENCE('10','Next assembly relationship',
'LEAD-TSSOP',#4466,#3049,$);
#3134=PRODUCT_DEFINITION_SHAPE('Placement #10',
'Placement of LEAD-TSSOP with respect to DCA0056A_ASM',#3133);
#3142=NEXT_ASSEMBLY_USAGE_OCCURRENCE('11','Next assembly relationship',
'LEAD-TSSOP',#4466,#3049,$);
#3143=PRODUCT_DEFINITION_SHAPE('Placement #11',
'Placement of LEAD-TSSOP with respect to DCA0056A_ASM',#3142);
#3151=NEXT_ASSEMBLY_USAGE_OCCURRENCE('12','Next assembly relationship',
'LEAD-TSSOP',#4466,#3049,$);
#3152=PRODUCT_DEFINITION_SHAPE('Placement #12',
'Placement of LEAD-TSSOP with respect to DCA0056A_ASM',#3151);
#3160=NEXT_ASSEMBLY_USAGE_OCCURRENCE('13','Next assembly relationship',
'LEAD-TSSOP',#4466,#3049,$);
#3161=PRODUCT_DEFINITION_SHAPE('Placement #13',
'Placement of LEAD-TSSOP with respect to DCA0056A_ASM',#3160);
#3169=NEXT_ASSEMBLY_USAGE_OCCURRENCE('14','Next assembly relationship',
'LEAD-TSSOP',#4466,#3049,$);
#3170=PRODUCT_DEFINITION_SHAPE('Placement #14',
'Placement of LEAD-TSSOP with respect to DCA0056A_ASM',#3169);
#3178=NEXT_ASSEMBLY_USAGE_OCCURRENCE('15','Next assembly relationship',
'LEAD-TSSOP',#4466,#3049,$);
#3179=PRODUCT_DEFINITION_SHAPE('Placement #15',
'Placement of LEAD-TSSOP with respect to DCA0056A_ASM',#3178);
#3187=NEXT_ASSEMBLY_USAGE_OCCURRENCE('16','Next assembly relationship',
'LEAD-TSSOP',#4466,#3049,$);
#3188=PRODUCT_DEFINITION_SHAPE('Placement #16',
'Placement of LEAD-TSSOP with respect to DCA0056A_ASM',#3187);
#3196=NEXT_ASSEMBLY_USAGE_OCCURRENCE('17','Next assembly relationship',
'LEAD-TSSOP',#4466,#3049,$);
#3197=PRODUCT_DEFINITION_SHAPE('Placement #17',
'Placement of LEAD-TSSOP with respect to DCA0056A_ASM',#3196);
#3205=NEXT_ASSEMBLY_USAGE_OCCURRENCE('18','Next assembly relationship',
'LEAD-TSSOP',#4466,#3049,$);
#3206=PRODUCT_DEFINITION_SHAPE('Placement #18',
'Placement of LEAD-TSSOP with respect to DCA0056A_ASM',#3205);
#3214=NEXT_ASSEMBLY_USAGE_OCCURRENCE('19','Next assembly relationship',
'LEAD-TSSOP',#4466,#3049,$);
#3215=PRODUCT_DEFINITION_SHAPE('Placement #19',
'Placement of LEAD-TSSOP with respect to DCA0056A_ASM',#3214);
#3223=NEXT_ASSEMBLY_USAGE_OCCURRENCE('20','Next assembly relationship',
'LEAD-TSSOP',#4466,#3049,$);
#3224=PRODUCT_DEFINITION_SHAPE('Placement #20',
'Placement of LEAD-TSSOP with respect to DCA0056A_ASM',#3223);
#3232=NEXT_ASSEMBLY_USAGE_OCCURRENCE('21','Next assembly relationship',
'LEAD-TSSOP',#4466,#3049,$);
#3233=PRODUCT_DEFINITION_SHAPE('Placement #21',
'Placement of LEAD-TSSOP with respect to DCA0056A_ASM',#3232);
#3241=NEXT_ASSEMBLY_USAGE_OCCURRENCE('22','Next assembly relationship',
'LEAD-TSSOP',#4466,#3049,$);
#3242=PRODUCT_DEFINITION_SHAPE('Placement #22',
'Placement of LEAD-TSSOP with respect to DCA0056A_ASM',#3241);
#3250=NEXT_ASSEMBLY_USAGE_OCCURRENCE('23','Next assembly relationship',
'LEAD-TSSOP',#4466,#3049,$);
#3251=PRODUCT_DEFINITION_SHAPE('Placement #23',
'Placement of LEAD-TSSOP with respect to DCA0056A_ASM',#3250);
#3259=NEXT_ASSEMBLY_USAGE_OCCURRENCE('24','Next assembly relationship',
'LEAD-TSSOP',#4466,#3049,$);
#3260=PRODUCT_DEFINITION_SHAPE('Placement #24',
'Placement of LEAD-TSSOP with respect to DCA0056A_ASM',#3259);
#3268=NEXT_ASSEMBLY_USAGE_OCCURRENCE('25','Next assembly relationship',
'LEAD-TSSOP',#4466,#3049,$);
#3269=PRODUCT_DEFINITION_SHAPE('Placement #25',
'Placement of LEAD-TSSOP with respect to DCA0056A_ASM',#3268);
#3277=NEXT_ASSEMBLY_USAGE_OCCURRENCE('26','Next assembly relationship',
'LEAD-TSSOP',#4466,#3049,$);
#3278=PRODUCT_DEFINITION_SHAPE('Placement #26',
'Placement of LEAD-TSSOP with respect to DCA0056A_ASM',#3277);
#3286=NEXT_ASSEMBLY_USAGE_OCCURRENCE('27','Next assembly relationship',
'LEAD-TSSOP',#4466,#3049,$);
#3287=PRODUCT_DEFINITION_SHAPE('Placement #27',
'Placement of LEAD-TSSOP with respect to DCA0056A_ASM',#3286);
#3295=NEXT_ASSEMBLY_USAGE_OCCURRENCE('28','Next assembly relationship',
'LEAD-TSSOP',#4466,#3049,$);
#3296=PRODUCT_DEFINITION_SHAPE('Placement #28',
'Placement of LEAD-TSSOP with respect to DCA0056A_ASM',#3295);
#3304=NEXT_ASSEMBLY_USAGE_OCCURRENCE('29','Next assembly relationship',
'LEAD-TSSOP',#4466,#3049,$);
#3305=PRODUCT_DEFINITION_SHAPE('Placement #29',
'Placement of LEAD-TSSOP with respect to DCA0056A_ASM',#3304);
#3313=NEXT_ASSEMBLY_USAGE_OCCURRENCE('30','Next assembly relationship',
'LEAD-TSSOP',#4466,#3049,$);
#3314=PRODUCT_DEFINITION_SHAPE('Placement #30',
'Placement of LEAD-TSSOP with respect to DCA0056A_ASM',#3313);
#3322=NEXT_ASSEMBLY_USAGE_OCCURRENCE('31','Next assembly relationship',
'LEAD-TSSOP',#4466,#3049,$);
#3323=PRODUCT_DEFINITION_SHAPE('Placement #31',
'Placement of LEAD-TSSOP with respect to DCA0056A_ASM',#3322);
#3331=NEXT_ASSEMBLY_USAGE_OCCURRENCE('32','Next assembly relationship',
'LEAD-TSSOP',#4466,#3049,$);
#3332=PRODUCT_DEFINITION_SHAPE('Placement #32',
'Placement of LEAD-TSSOP with respect to DCA0056A_ASM',#3331);
#3340=NEXT_ASSEMBLY_USAGE_OCCURRENCE('33','Next assembly relationship',
'LEAD-TSSOP',#4466,#3049,$);
#3341=PRODUCT_DEFINITION_SHAPE('Placement #33',
'Placement of LEAD-TSSOP with respect to DCA0056A_ASM',#3340);
#3349=NEXT_ASSEMBLY_USAGE_OCCURRENCE('34','Next assembly relationship',
'LEAD-TSSOP',#4466,#3049,$);
#3350=PRODUCT_DEFINITION_SHAPE('Placement #34',
'Placement of LEAD-TSSOP with respect to DCA0056A_ASM',#3349);
#3358=NEXT_ASSEMBLY_USAGE_OCCURRENCE('35','Next assembly relationship',
'LEAD-TSSOP',#4466,#3049,$);
#3359=PRODUCT_DEFINITION_SHAPE('Placement #35',
'Placement of LEAD-TSSOP with respect to DCA0056A_ASM',#3358);
#3367=NEXT_ASSEMBLY_USAGE_OCCURRENCE('36','Next assembly relationship',
'LEAD-TSSOP',#4466,#3049,$);
#3368=PRODUCT_DEFINITION_SHAPE('Placement #36',
'Placement of LEAD-TSSOP with respect to DCA0056A_ASM',#3367);
#3376=NEXT_ASSEMBLY_USAGE_OCCURRENCE('37','Next assembly relationship',
'LEAD-TSSOP',#4466,#3049,$);
#3377=PRODUCT_DEFINITION_SHAPE('Placement #37',
'Placement of LEAD-TSSOP with respect to DCA0056A_ASM',#3376);
#3385=NEXT_ASSEMBLY_USAGE_OCCURRENCE('38','Next assembly relationship',
'LEAD-TSSOP',#4466,#3049,$);
#3386=PRODUCT_DEFINITION_SHAPE('Placement #38',
'Placement of LEAD-TSSOP with respect to DCA0056A_ASM',#3385);
#3394=NEXT_ASSEMBLY_USAGE_OCCURRENCE('39','Next assembly relationship',
'LEAD-TSSOP',#4466,#3049,$);
#3395=PRODUCT_DEFINITION_SHAPE('Placement #39',
'Placement of LEAD-TSSOP with respect to DCA0056A_ASM',#3394);
#3403=NEXT_ASSEMBLY_USAGE_OCCURRENCE('40','Next assembly relationship',
'LEAD-TSSOP',#4466,#3049,$);
#3404=PRODUCT_DEFINITION_SHAPE('Placement #40',
'Placement of LEAD-TSSOP with respect to DCA0056A_ASM',#3403);
#3412=NEXT_ASSEMBLY_USAGE_OCCURRENCE('41','Next assembly relationship',
'LEAD-TSSOP',#4466,#3049,$);
#3413=PRODUCT_DEFINITION_SHAPE('Placement #41',
'Placement of LEAD-TSSOP with respect to DCA0056A_ASM',#3412);
#3421=NEXT_ASSEMBLY_USAGE_OCCURRENCE('42','Next assembly relationship',
'LEAD-TSSOP',#4466,#3049,$);
#3422=PRODUCT_DEFINITION_SHAPE('Placement #42',
'Placement of LEAD-TSSOP with respect to DCA0056A_ASM',#3421);
#3430=NEXT_ASSEMBLY_USAGE_OCCURRENCE('43','Next assembly relationship',
'LEAD-TSSOP',#4466,#3049,$);
#3431=PRODUCT_DEFINITION_SHAPE('Placement #43',
'Placement of LEAD-TSSOP with respect to DCA0056A_ASM',#3430);
#3439=NEXT_ASSEMBLY_USAGE_OCCURRENCE('44','Next assembly relationship',
'LEAD-TSSOP',#4466,#3049,$);
#3440=PRODUCT_DEFINITION_SHAPE('Placement #44',
'Placement of LEAD-TSSOP with respect to DCA0056A_ASM',#3439);
#3448=NEXT_ASSEMBLY_USAGE_OCCURRENCE('45','Next assembly relationship',
'LEAD-TSSOP',#4466,#3049,$);
#3449=PRODUCT_DEFINITION_SHAPE('Placement #45',
'Placement of LEAD-TSSOP with respect to DCA0056A_ASM',#3448);
#3457=NEXT_ASSEMBLY_USAGE_OCCURRENCE('46','Next assembly relationship',
'LEAD-TSSOP',#4466,#3049,$);
#3458=PRODUCT_DEFINITION_SHAPE('Placement #46',
'Placement of LEAD-TSSOP with respect to DCA0056A_ASM',#3457);
#3466=NEXT_ASSEMBLY_USAGE_OCCURRENCE('47','Next assembly relationship',
'LEAD-TSSOP',#4466,#3049,$);
#3467=PRODUCT_DEFINITION_SHAPE('Placement #47',
'Placement of LEAD-TSSOP with respect to DCA0056A_ASM',#3466);
#3475=NEXT_ASSEMBLY_USAGE_OCCURRENCE('48','Next assembly relationship',
'LEAD-TSSOP',#4466,#3049,$);
#3476=PRODUCT_DEFINITION_SHAPE('Placement #48',
'Placement of LEAD-TSSOP with respect to DCA0056A_ASM',#3475);
#3484=NEXT_ASSEMBLY_USAGE_OCCURRENCE('49','Next assembly relationship',
'LEAD-TSSOP',#4466,#3049,$);
#3485=PRODUCT_DEFINITION_SHAPE('Placement #49',
'Placement of LEAD-TSSOP with respect to DCA0056A_ASM',#3484);
#3493=NEXT_ASSEMBLY_USAGE_OCCURRENCE('50','Next assembly relationship',
'LEAD-TSSOP',#4466,#3049,$);
#3494=PRODUCT_DEFINITION_SHAPE('Placement #50',
'Placement of LEAD-TSSOP with respect to DCA0056A_ASM',#3493);
#3502=NEXT_ASSEMBLY_USAGE_OCCURRENCE('51','Next assembly relationship',
'LEAD-TSSOP',#4466,#3049,$);
#3503=PRODUCT_DEFINITION_SHAPE('Placement #51',
'Placement of LEAD-TSSOP with respect to DCA0056A_ASM',#3502);
#3511=NEXT_ASSEMBLY_USAGE_OCCURRENCE('52','Next assembly relationship',
'LEAD-TSSOP',#4466,#3049,$);
#3512=PRODUCT_DEFINITION_SHAPE('Placement #52',
'Placement of LEAD-TSSOP with respect to DCA0056A_ASM',#3511);
#3520=NEXT_ASSEMBLY_USAGE_OCCURRENCE('53','Next assembly relationship',
'LEAD-TSSOP',#4466,#3049,$);
#3521=PRODUCT_DEFINITION_SHAPE('Placement #53',
'Placement of LEAD-TSSOP with respect to DCA0056A_ASM',#3520);
#3529=NEXT_ASSEMBLY_USAGE_OCCURRENCE('54','Next assembly relationship',
'LEAD-TSSOP',#4466,#3049,$);
#3530=PRODUCT_DEFINITION_SHAPE('Placement #54',
'Placement of LEAD-TSSOP with respect to DCA0056A_ASM',#3529);
#3538=NEXT_ASSEMBLY_USAGE_OCCURRENCE('55','Next assembly relationship',
'LEAD-TSSOP',#4466,#3049,$);
#3539=PRODUCT_DEFINITION_SHAPE('Placement #55',
'Placement of LEAD-TSSOP with respect to DCA0056A_ASM',#3538);
#3547=NEXT_ASSEMBLY_USAGE_OCCURRENCE('56','Next assembly relationship',
'LEAD-TSSOP',#4466,#3049,$);
#3548=PRODUCT_DEFINITION_SHAPE('Placement #56',
'Placement of LEAD-TSSOP with respect to DCA0056A_ASM',#3547);
#4062=EDGE_CURVE('',#4003,#4052,#3560,.T.);
#4064=EDGE_CURVE('',#4044,#4052,#3567,.T.);
#4066=EDGE_CURVE('',#4043,#4044,#3574,.T.);
#4068=EDGE_CURVE('',#4050,#4043,#3581,.T.);
#4070=EDGE_CURVE('',#4050,#4007,#3588,.T.);
#4072=EDGE_CURVE('',#4007,#4015,#3595,.T.);
#4074=EDGE_CURVE('',#4015,#3983,#3602,.T.);
#4076=EDGE_CURVE('',#3983,#3984,#3609,.T.);
#4078=EDGE_CURVE('',#3984,#4019,#3616,.T.);
#4080=EDGE_CURVE('',#4019,#3995,#3623,.T.);
#4082=EDGE_CURVE('',#3995,#4035,#3630,.T.);
#4084=EDGE_CURVE('',#4035,#4027,#3637,.T.);
#4086=EDGE_CURVE('',#4027,#4028,#3644,.T.);
#4088=EDGE_CURVE('',#4028,#4039,#3651,.T.);
#4090=EDGE_CURVE('',#4039,#3999,#3658,.T.);
#4092=EDGE_CURVE('',#3999,#4023,#3665,.T.);
#4094=EDGE_CURVE('',#4023,#3979,#3672,.T.);
#4096=EDGE_CURVE('',#3979,#3980,#3679,.T.);
#4098=EDGE_CURVE('',#3980,#4011,#3686,.T.);
#4100=EDGE_CURVE('',#4011,#4003,#3693,.T.);
#4110=EDGE_CURVE('',#4050,#4054,#3700,.T.);
#4112=EDGE_CURVE('',#4054,#4008,#3735,.T.);
#4114=EDGE_CURVE('',#4007,#4008,#3973,.T.);
#4125=EDGE_CURVE('',#4052,#4056,#3707,.T.);
#4128=EDGE_CURVE('',#4003,#4004,#3714,.T.);
#4130=EDGE_CURVE('',#4004,#4056,#3763,.T.);
#4141=EDGE_CURVE('',#4043,#4047,#3721,.T.);
#4143=EDGE_CURVE('',#4054,#4047,#3742,.T.);
#4155=EDGE_CURVE('',#4044,#4048,#3728,.T.);
#4157=EDGE_CURVE('',#4047,#4048,#3749,.T.);
#4170=EDGE_CURVE('',#4048,#4056,#3756,.T.);
#4186=EDGE_CURVE('',#4012,#4004,#3770,.T.);
#4188=EDGE_CURVE('',#3988,#4012,#3777,.T.);
#4190=EDGE_CURVE('',#3987,#3988,#3784,.T.);
#4192=EDGE_CURVE('',#4024,#3987,#3791,.T.);
#4194=EDGE_CURVE('',#4000,#4024,#3798,.T.);
#4196=EDGE_CURVE('',#4040,#4000,#3805,.T.);
#4198=EDGE_CURVE('',#4032,#4040,#3812,.T.);
#4200=EDGE_CURVE('',#4031,#4032,#3819,.T.);
#4202=EDGE_CURVE('',#4036,#4031,#3826,.T.);
#4204=EDGE_CURVE('',#3996,#4036,#3833,.T.);
#4206=EDGE_CURVE('',#4020,#3996,#3840,.T.);
#4208=EDGE_CURVE('',#3992,#4020,#3847,.T.);
#4210=EDGE_CURVE('',#3991,#3992,#3854,.T.);
#4212=EDGE_CURVE('',#4016,#3991,#3861,.T.);
#4214=EDGE_CURVE('',#4008,#4016,#3868,.T.);
#4224=EDGE_CURVE('',#4011,#4012,#3875,.T.);
#4239=EDGE_CURVE('',#3980,#3988,#3882,.T.);
#4250=EDGE_CURVE('',#4015,#4016,#3889,.T.);
#4253=EDGE_CURVE('',#3983,#3991,#3966,.T.);
#4265=EDGE_CURVE('',#3979,#3987,#3896,.T.);
#4277=EDGE_CURVE('',#4019,#4020,#3903,.T.);
#4280=EDGE_CURVE('',#3984,#3992,#3910,.T.);
#4291=EDGE_CURVE('',#4023,#4024,#3917,.T.);
#4306=EDGE_CURVE('',#3995,#3996,#3931,.T.);
#4317=EDGE_CURVE('',#4035,#4036,#3924,.T.);
#4330=EDGE_CURVE('',#4039,#4040,#3938,.T.);
#4333=EDGE_CURVE('',#3999,#4000,#3959,.T.);
#4346=EDGE_CURVE('',#4027,#4031,#3945,.T.);
#4360=EDGE_CURVE('',#4028,#4032,#3952,.T.);
#4421=(LENGTH_UNIT()NAMED_UNIT(*)SI_UNIT(.MILLI.,.METRE.));
#4423=(NAMED_UNIT(*)PLANE_ANGLE_UNIT()SI_UNIT($,.RADIAN.));
#4426=(NAMED_UNIT(*)SI_UNIT($,.STERADIAN.)SOLID_ANGLE_UNIT());
#4432=AXIS2_PLACEMENT_3D('',#4429,#4430,#4431);
#4433=ADVANCED_BREP_SHAPE_REPRESENTATION('',(#4432,#4414),#4428);
#4438=PRODUCT_DEFINITION('design','',#4437,#4434);
#4439=PRODUCT_DEFINITION_SHAPE('','SHAPE FOR DAP.',#4438);
#4440=SHAPE_DEFINITION_REPRESENTATION(#4439,#4433);
#4441=NEXT_ASSEMBLY_USAGE_OCCURRENCE('57','Next assembly relationship','DAP',
#4466,#4438,$);
#4442=PRODUCT_DEFINITION_SHAPE('Placement #57',
'Placement of DAP with respect to DCA0056A_ASM',#4441);
#4450=(LENGTH_UNIT()NAMED_UNIT(*)SI_UNIT(.MILLI.,.METRE.));
#4452=(NAMED_UNIT(*)PLANE_ANGLE_UNIT()SI_UNIT($,.RADIAN.));
#4455=(NAMED_UNIT(*)SI_UNIT($,.STERADIAN.)SOLID_ANGLE_UNIT());
#4461=AXIS2_PLACEMENT_3D('',#4458,#4459,#4460);
#4466=PRODUCT_DEFINITION('design','',#4465,#4434);
ENDSEC;
END-ISO-10303-21;
